Town,financial_year,3-Room,4-Room,5-Room
ANG MO KIO,2023,"$388,000 ","$594,000 ","$788,000 "
BEDOK,2023,"$375,000 ","$530,000 ","$695,000 "
BISHAN,2023,*,"$707,000 ","$918,000 "
BUKIT BATOK,2023,"$378,000 ","$593,000 ","$767,500 "
BUKIT MERAH,2023,"$411,500 ","$856,000 ","$959,000 "
BUKIT PANJANG,2023,"$405,000 ","$503,000 ","$620,000 "
BUKIT TIMAH,2023,*,*,*
CENTRAL,2023,"$481,500 ",*,*
CHOA CHU KANG,2023,*,"$508,000 ","$603,000 "
CLEMENTI,2023,"$394,000 ","$561,000 ",*
GEYLANG,2023,"$345,000 ","$615,000 ",*
HOUGANG,2023,"$398,900 ","$560,000 ","$655,000 "
JURONG EAST,2023,"$365,000 ","$497,500 ","$628,000 "
JURONG WEST,2023,"$365,000 ","$490,000 ","$588,000 "
KALLANG/WHAMPOA,2023,"$384,500 ","$830,000 ","$880,400 "
MARINE PARADE,2023,*,*,*
PASIR RIS,2023,*,"$555,000 ","$663,000 "
PUNGGOL,2023,"$475,000 ","$605,000 ","$670,000 "
QUEENSTOWN,2023,"$401,000 ","$928,000 ",*
SEMBAWANG,2023,"$440,000 ","$551,000 ","$602,900 "
SENGKANG,2023,"$470,000 ","$575,000 ","$610,000 "
SERANGOON,2023,"$390,000 ","$600,000 ",*
TAMPINES,2023,"$430,000 ","$579,000 ","$685,000 "
TOA PAYOH,2023,"$370,000 ","$750,000 ","$881,900 "
WOODLANDS,2023,"$395,500 ","$515,000 ","$598,500 "
YISHUN,2023,"$400,000 ","$520,000 ","$660,000 "
ANG MO KIO,2023,"$385,000 ","$538,000 ","$725,500 "
BEDOK,2023,"$370,000 ","$523,000 ","$684,000 "
BISHAN,2023,*,"$715,000 ","$929,000 "
BUKIT BATOK,2023,"$385,000 ","$595,000 ","$758,000 "
BUKIT MERAH,2023,"$439,500 ","$860,000 ","$928,000 "
BUKIT PANJANG,2023,"$400,000 ","$508,000 ","$615,000 "
BUKIT TIMAH,2023,*,*,*
CENTRAL,2023,"$470,000 ",*,*
CHOA CHU KANG,2023,"$391,500 ","$500,000 ","$579,000 "
CLEMENTI,2023,"$397,500 ","$607,400 ",*
GEYLANG,2023,"$330,000 ","$610,000 ","$750,000 "
HOUGANG,2023,"$390,000 ","$532,500 ","$690,000 "
JURONG EAST,2023,"$380,000 ","$473,000 ","$625,000 "
JURONG WEST,2023,"$360,000 ","$500,000 ","$580,000 "
KALLANG/WHAMPOA,2023,"$385,000 ","$790,400 ","$907,900 "
MARINE PARADE,2023,*,*,*
PASIR RIS,2023,*,"$554,000 ","$658,000 "
PUNGGOL,2023,"$470,000 ","$600,000 ","$677,500 "
QUEENSTOWN,2023,"$389,400 ","$928,000 ",*
SEMBAWANG,2023,"$447,500 ","$556,900 ","$580,000 "
SENGKANG,2023,"$465,000 ","$558,000 ","$630,000 "
SERANGOON,2023,"$420,000 ","$575,000 ","$731,500 "
TAMPINES,2023,"$420,000 ","$569,000 ","$678,000 "
TOA PAYOH,2023,"$350,000 ","$780,000 ","$900,000 "
WOODLANDS,2023,"$374,000 ","$498,000 ","$590,000 "
YISHUN,2023,"$385,000 ","$500,000 ","$650,000 "
ANG MO KIO,2023,"$380,400 ","$520,000 ","$697,500 "
BEDOK,2023,"$367,000 ","$518,000 ","$684,000 "
BISHAN,2023,*,"$690,000 ","$880,000 "
BUKIT BATOK,2023,"$385,000 ","$590,000 ","$758,000 "
BUKIT MERAH,2023,"$455,000 ","$838,000 ","$875,400 "
BUKIT PANJANG,2023,"$388,000 ","$493,000 ","$608,500 "
BUKIT TIMAH,2023,*,*,*
CENTRAL,2023,*,"$894,000 ",*
CHOA CHU KANG,2023,*,"$495,000 ","$603,000 "
CLEMENTI,2023,"$390,400 ","$597,500 ",*
GEYLANG,2023,"$332,500 ","$668,000 ",*
HOUGANG,2023,"$382,900 ","$525,000 ","$670,000 "
JURONG EAST,2023,"$365,000 ","$492,000 ",*
JURONG WEST,2023,"$345,000 ","$476,000 ","$589,000 "
KALLANG/WHAMPOA,2023,"$383,000 ","$778,900 ","$865,000 "
MARINE PARADE,2023,"$425,000 ",*,*
PASIR RIS,2023,*,"$540,000 ","$650,000 "
PUNGGOL,2023,"$450,000 ","$590,000 ","$681,500 "
QUEENSTOWN,2023,"$420,000 ","$850,000 ",*
SEMBAWANG,2023,"$440,000 ","$556,900 ","$625,000 "
SENGKANG,2023,"$458,000 ","$560,000 ","$620,000 "
SERANGOON,2023,"$383,000 ","$559,000 ",*
TAMPINES,2023,"$428,000 ","$564,000 ","$689,000 "
TOA PAYOH,2023,"$356,000 ","$715,000 ","$859,000 "
WOODLANDS,2023,"$372,000 ","$490,000 ","$588,000 "
YISHUN,2023,"$380,900 ","$491,500 ","$640,000 "
ANG MO KIO,2023,"$380,000 ","$605,900 ","$785,000 "
BEDOK,2023,"$365,000 ","$486,000 ","$660,000 "
BISHAN,2023,*,"$677,500 ","$900,000 "
BUKIT BATOK,2023,"$370,000 ","$597,500 ","$771,500 "
BUKIT MERAH,2023,"$396,000 ","$813,900 ","$870,000 "
BUKIT PANJANG,2023,"$380,000 ","$492,500 ","$620,000 "
BUKIT TIMAH,2023,*,*,-
CENTRAL,2023,"$450,000 ","$728,000 ",*
CHOA CHU KANG,2023,"$415,000 ","$490,000 ","$580,000 "
CLEMENTI,2023,"$418,000 ","$648,000 ","$746,500 "
GEYLANG,2023,"$344,400 ","$549,000 ",*
HOUGANG,2023,"$385,000 ","$518,000 ","$665,900 "
JURONG EAST,2023,"$369,000 ","$470,000 ","$650,000 "
JURONG WEST,2023,"$339,000 ","$478,000 ","$578,900 "
KALLANG/WHAMPOA,2023,"$380,000 ","$735,000 ","$805,000 "
MARINE PARADE,2023,"$438,000 ",*,*
PASIR RIS,2023,*,"$535,000 ","$643,000 "
PUNGGOL,2023,"$450,000 ","$582,900 ","$666,000 "
QUEENSTOWN,2023,"$403,200 ","$864,000 ",*
SEMBAWANG,2023,"$435,800 ","$524,000 ","$578,000 "
SENGKANG,2023,"$437,500 ","$560,000 ","$600,000 "
SERANGOON,2023,"$395,000 ","$577,000 ",*
TAMPINES,2023,"$414,400 ","$555,000 ","$666,500 "
TOA PAYOH,2023,"$358,000 ","$779,000 ","$897,500 "
WOODLANDS,2023,"$395,000 ","$485,000 ","$583,000 "
YISHUN,2023,"$380,000 ","$480,000 ","$630,000 "
ANG MO KIO,2022,"$378,000 ","$555,000 ","$868,000 "
BEDOK,2022,"$360,000 ","$480,000 ","$650,000 "
BISHAN,2022,*,"$669,400 ","$877,500 "
BUKIT BATOK,2022,"$360,000 ","$514,000 ","$700,000 "
BUKIT MERAH,2022,"$400,000 ","$775,400 ","$899,000 "
BUKIT PANJANG,2022,"$375,000 ","$480,000 ","$590,000 "
BUKIT TIMAH,2022,*,*,*
CENTRAL,2022,"$450,000 ",*,*
CHOA CHU KANG,2022,"$389,500 ","$500,000 ","$588,000 "
CLEMENTI,2022,"$378,000 ","$574,900 ",*
GEYLANG,2022,"$335,000 ","$576,500 ","$781,500 "
HOUGANG,2022,"$380,000 ","$518,000 ","$627,500 "
JURONG EAST,2022,"$360,000 ","$465,000 ","$643,000 "
JURONG WEST,2022,"$358,900 ","$481,500 ","$566,000 "
KALLANG/WHAMPOA,2022,"$380,000 ","$788,000 ","$800,000 "
MARINE PARADE,2022,"$430,000 ",*,*
PASIR RIS,2022,*,"$520,000 ","$641,000 "
PUNGGOL,2022,"$451,000 ","$575,900 ","$700,000 "
QUEENSTOWN,2022,"$390,000 ","$870,000 ",*
SEMBAWANG,2022,"$432,500 ","$535,000 ","$579,000 "
SENGKANG,2022,"$443,400 ","$548,000 ","$580,000 "
SERANGOON,2022,"$386,500 ","$539,000 ",*
TAMPINES,2022,"$410,000 ","$536,500 ","$652,500 "
TOA PAYOH,2022,"$340,000 ","$780,000 ","$865,000 "
WOODLANDS,2022,"$395,000 ","$495,000 ","$580,000 "
YISHUN,2022,"$372,000 ","$474,000 ","$620,000 "
ANG MO KIO,2022,"$365,500 ","$516,500 ","$800,000 "
BEDOK,2022,"$355,000 ","$475,000 ","$680,000 "
BISHAN,2022,*,"$640,000 ","$855,000 "
BUKIT BATOK,2022,"$353,000 ","$500,000 ","$720,000 "
BUKIT MERAH,2022,"$368,000 ","$765,000 ","$875,000 "
BUKIT PANJANG,2022,"$386,500 ","$471,900 ","$610,000 "
BUKIT TIMAH,2022,*,*,*
CENTRAL,2022,"$460,000 ","$680,000 ",*
CHOA CHU KANG,2022,"$380,000 ","$493,900 ","$588,000 "
CLEMENTI,2022,"$385,000 ","$555,000 ",*
GEYLANG,2022,"$320,000 ","$560,000 ","$738,900 "
HOUGANG,2022,"$370,000 ","$506,000 ","$648,400 "
JURONG EAST,2022,"$355,000 ","$460,000 ","$619,000 "
JURONG WEST,2022,"$339,000 ","$475,000 ","$565,000 "
KALLANG/WHAMPOA,2022,"$390,000 ","$778,400 ","$840,000 "
MARINE PARADE,2022,"$412,500 ",*,*
PASIR RIS,2022,*,"$519,000 ","$619,000 "
PUNGGOL,2022,"$436,900 ","$555,000 ","$612,000 "
QUEENSTOWN,2022,"$395,000 ","$860,000 ","$894,000 "
SEMBAWANG,2022,*,"$515,000 ","$566,000 "
SENGKANG,2022,"$438,000 ","$536,000 ","$595,400 "
SERANGOON,2022,"$380,000 ","$520,900 ",*
TAMPINES,2022,"$395,000 ","$530,000 ","$650,000 "
TOA PAYOH,2022,"$341,400 ","$740,000 ","$870,000 "
WOODLANDS,2022,"$345,000 ","$468,000 ","$560,000 "
YISHUN,2022,"$362,000 ","$473,000 ","$608,000 "
ANG MO KIO,2022,"$365,000 ","$515,000 ","$785,000 "
BEDOK,2022,"$345,000 ","$465,000 ","$643,000 "
BISHAN,2022,"$432,500 ","$605,000 ","$851,000 "
BUKIT BATOK,2022,"$345,000 ","$495,000 ","$790,000 "
BUKIT MERAH,2022,"$370,400 ","$751,000 ","$866,000 "
BUKIT PANJANG,2022,"$357,000 ","$475,000 ","$584,500 "
BUKIT TIMAH,2022,*,*,*
CENTRAL,2022,*,"$964,000 ",*
CHOA CHU KANG,2022,"$400,000 ","$485,000 ","$571,000 "
CLEMENTI,2022,"$369,500 ","$732,500 ","$900,000 "
GEYLANG,2022,"$340,000 ","$570,000 ",*
HOUGANG,2022,"$365,000 ","$495,000 ","$608,800 "
JURONG EAST,2022,"$351,500 ","$490,000 ","$647,500 "
JURONG WEST,2022,"$340,000 ","$469,000 ","$550,000 "
KALLANG/WHAMPOA,2022,"$372,500 ","$780,000 ","$836,500 "
MARINE PARADE,2022,"$418,000 ",*,*
PASIR RIS,2022,*,"$500,000 ","$600,000 "
PUNGGOL,2022,"$436,000 ","$550,000 ","$580,000 "
QUEENSTOWN,2022,"$385,000 ","$829,000 ","$875,000 "
SEMBAWANG,2022,*,"$472,500 ","$545,000 "
SENGKANG,2022,"$425,000 ","$512,500 ","$580,000 "
SERANGOON,2022,*,"$526,500 ",*
TAMPINES,2022,"$390,000 ","$510,000 ","$625,500 "
TOA PAYOH,2022,"$320,000 ","$700,900 ","$784,000 "
WOODLANDS,2022,"$337,000 ","$450,000 ","$545,000 "
YISHUN,2022,"$360,000 ","$470,000 ","$622,000 "
ANG MO KIO,2022,"$350,000 ","$475,000 ","$702,500 "
BEDOK,2022,"$335,000 ","$450,000 ","$640,000 "
BISHAN,2022,*,"$629,000 ","$810,000 "
BUKIT BATOK,2022,"$345,000 ","$480,000 ","$650,000 "
BUKIT MERAH,2022,"$402,500 ","$750,000 ","$840,000 "
BUKIT PANJANG,2022,"$354,000 ","$455,000 ","$564,500 "
BUKIT TIMAH,2022,*,*,*
CENTRAL,2022,"$430,000 ","$811,000 ",*
CHOA CHU KANG,2022,"$391,500 ","$470,000 ","$567,400 "
CLEMENTI,2022,"$380,000 ","$703,000 ","$818,000 "
GEYLANG,2022,"$301,000 ","$530,000 ","$856,500 "
HOUGANG,2022,"$350,000 ","$487,000 ","$586,000 "
JURONG EAST,2022,"$339,000 ","$450,000 ","$567,500 "
JURONG WEST,2022,"$330,000 ","$440,000 ","$538,900 "
KALLANG/WHAMPOA,2022,"$360,000 ","$755,000 ","$784,400 "
MARINE PARADE,2022,*,*,*
PASIR RIS,2022,*,"$490,000 ","$600,000 "
PUNGGOL,2022,"$411,000 ","$520,000 ","$600,000 "
QUEENSTOWN,2022,"$360,000 ","$820,000 ","$952,000 "
SEMBAWANG,2022,*,"$466,500 ","$534,400 "
SENGKANG,2022,"$406,000 ","$510,000 ","$560,000 "
SERANGOON,2022,"$366,500 ","$492,500 ","$658,000 "
TAMPINES,2022,"$380,000 ","$498,000 ","$615,000 "
TOA PAYOH,2022,"$320,000 ","$622,500 ","$875,000 "
WOODLANDS,2022,"$341,500 ","$450,000 ","$530,000 "
YISHUN,2022,"$360,000 ","$450,000 ","$582,500 "
ANG MO KIO,2021,"$340,000 ","$480,000 ","$655,000 "
BEDOK,2021,"$330,000 ","$455,900 ","$645,000 "
BISHAN,2021,*,"$600,000 ","$804,000 "
BUKIT BATOK,2021,"$335,000 ","$468,000 ","$634,800 "
BUKIT MERAH,2021,"$371,800 ","$766,500 ","$828,000 "
BUKIT PANJANG,2021,"$360,000 ","$460,000 ","$555,000 "
BUKIT TIMAH,2021,*,*,*
CENTRAL,2021,"$465,000 ","$972,500 ",*
CHOA CHU KANG,2021,"$380,000 ","$472,500 ","$552,500 "
CLEMENTI,2021,"$370,500 ","$728,000 ","$656,500 "
GEYLANG,2021,"$293,900 ","$630,000 ","$720,000 "
HOUGANG,2021,"$340,000 ","$471,000 ","$585,000 "
JURONG EAST,2021,"$346,000 ","$450,000 ","$640,000 "
JURONG WEST,2021,"$333,900 ","$457,000 ","$530,000 "
KALLANG/WHAMPOA,2021,"$377,500 ","$690,000 ","$804,000 "
MARINE PARADE,2021,"$384,000 ",*,*
PASIR RIS,2021,*,"$480,000 ","$580,000 "
PUNGGOL,2021,"$409,000 ","$515,500 ","$621,900 "
QUEENSTOWN,2021,"$360,000 ","$779,000 ","$935,000 "
SEMBAWANG,2021,*,"$439,000 ","$501,500 "
SENGKANG,2021,"$398,000 ","$492,000 ","$540,500 "
SERANGOON,2021,"$360,000 ","$491,900 ","$626,800 "
TAMPINES,2021,"$370,000 ","$488,000 ","$589,000 "
TOA PAYOH,2021,"$309,000 ","$630,900 ","$894,900 "
WOODLANDS,2021,"$335,000 ","$430,000 ","$505,000 "
YISHUN,2021,"$345,000 ","$450,000 ","$580,000 "
ANG MO KIO,2021,"$330,000 ","$458,000 ","$655,000 "
BEDOK,2021,"$318,000 ","$452,500 ","$600,000 "
BISHAN,2021,*,"$570,000 ","$790,000 "
BUKIT BATOK,2021,"$319,000 ","$457,500 ","$640,000 "
BUKIT MERAH,2021,"$350,000 ","$760,000 ","$822,500 "
BUKIT PANJANG,2021,"$331,000 ","$448,500 ","$562,500 "
BUKIT TIMAH,2021,*,*,*
CENTRAL,2021,"$420,000 ","$950,000 ",*
CHOA CHU KANG,2021,"$380,000 ","$460,000 ","$551,000 "
CLEMENTI,2021,"$349,000 ","$728,000 ","$798,000 "
GEYLANG,2021,"$292,500 ","$638,000 ","$660,000 "
HOUGANG,2021,"$330,000 ","$450,000 ","$580,000 "
JURONG EAST,2021,"$327,800 ","$445,000 ","$575,000 "
JURONG WEST,2021,"$292,000 ","$435,000 ","$516,000 "
KALLANG/WHAMPOA,2021,"$335,000 ","$708,000 ","$729,000 "
MARINE PARADE,2021,"$385,000 ",*,*
PASIR RIS,2021,*,"$471,900 ","$555,000 "
PUNGGOL,2021,"$395,000 ","$498,400 ","$600,000 "
QUEENSTOWN,2021,"$350,000 ","$790,000 ","$926,000 "
SEMBAWANG,2021,*,"$417,000 ","$490,000 "
SENGKANG,2021,"$385,500 ","$480,000 ","$525,000 "
SERANGOON,2021,"$333,000 ","$476,000 ","$634,000 "
TAMPINES,2021,"$368,000 ","$480,000 ","$575,000 "
TOA PAYOH,2021,"$290,000 ","$598,800 ","$818,000 "
WOODLANDS,2021,"$310,000 ","$420,000 ","$492,000 "
YISHUN,2021,"$328,000 ","$440,000 ","$550,000 "
ANG MO KIO,2021,"$322,000 ","$438,000 ","$600,000 "
BEDOK,2021,"$310,000 ","$430,000 ","$609,500 "
BISHAN,2021,*,"$545,000 ","$760,000 "
BUKIT BATOK,2021,"$313,000 ","$417,500 ","$591,500 "
BUKIT MERAH,2021,"$357,000 ","$760,000 ","$816,000 "
BUKIT PANJANG,2021,"$328,000 ","$450,000 ","$530,000 "
BUKIT TIMAH,2021,*,*,*
CENTRAL,2021,*,"$941,000 ",*
CHOA CHU KANG,2021,"$360,000 ","$460,000 ","$537,000 "
CLEMENTI,2021,"$340,000 ","$695,000 ","$690,000 "
GEYLANG,2021,"$307,000 ","$565,000 ","$688,000 "
HOUGANG,2021,"$320,000 ","$435,500 ","$573,500 "
JURONG EAST,2021,"$328,500 ","$429,000 ","$528,000 "
JURONG WEST,2021,"$298,000 ","$418,000 ","$501,900 "
KALLANG/WHAMPOA,2021,"$320,000 ","$685,000 ","$780,000 "
MARINE PARADE,2021,*,*,"$796,000 "
PASIR RIS,2021,*,"$459,000 ","$542,000 "
PUNGGOL,2021,"$393,000 ","$488,000 ","$585,000 "
QUEENSTOWN,2021,"$358,000 ","$800,000 ","$932,500 "
SEMBAWANG,2021,*,"$410,000 ","$470,900 "
SENGKANG,2021,"$372,000 ","$465,000 ","$515,900 "
SERANGOON,2021,*,"$465,000 ","$612,900 "
TAMPINES,2021,"$353,000 ","$466,000 ","$580,000 "
TOA PAYOH,2021,"$280,000 ","$655,000 ","$760,400 "
WOODLANDS,2021,"$295,000 ","$406,000 ","$485,000 "
YISHUN,2021,"$325,000 ","$426,500 ","$542,500 "
ANG MO KIO,2021,"$305,000 ","$432,500 ","$670,000 "
BEDOK,2021,"$306,500 ","$435,000 ","$604,000 "
BISHAN,2021,*,"$550,000 ","$757,500 "
BUKIT BATOK,2021,"$296,500 ","$419,000 ","$553,000 "
BUKIT MERAH,2021,"$347,500 ","$728,400 ","$821,500 "
BUKIT PANJANG,2021,"$336,500 ","$438,900 ","$528,000 "
BUKIT TIMAH,2021,*,*,*
CENTRAL,2021,"$420,000 ","$910,000 ",*
CHOA CHU KANG,2021,"$347,500 ","$435,000 ","$490,000 "
CLEMENTI,2021,"$330,000 ","$560,000 ","$890,000 "
GEYLANG,2021,"$276,500 ","$540,000 ","$700,000 "
HOUGANG,2021,"$312,000 ","$420,000 ","$542,500 "
JURONG EAST,2021,"$333,000 ","$420,300 ","$564,000 "
JURONG WEST,2021,"$282,500 ","$400,000 ","$480,000 "
KALLANG/WHAMPOA,2021,"$308,000 ","$577,500 ","$718,900 "
MARINE PARADE,2021,*,*,*
PASIR RIS,2021,*,"$451,000 ","$527,500 "
PUNGGOL,2021,"$379,000 ","$480,000 ","$591,900 "
QUEENSTOWN,2021,"$360,000 ","$790,000 ","$820,000 "
SEMBAWANG,2021,*,"$399,000 ","$452,500 "
SENGKANG,2021,"$368,000 ","$450,000 ","$514,000 "
SERANGOON,2021,"$350,000 ","$450,400 ","$557,900 "
TAMPINES,2021,"$350,000 ","$450,000 ","$555,000 "
TOA PAYOH,2021,"$280,000 ","$603,500 ","$808,000 "
WOODLANDS,2021,"$290,000 ","$380,000 ","$465,000 "
YISHUN,2021,"$305,000 ","$412,000 ","$514,000 "
ANG MO KIO,2020,"$300,000 ","$405,400 ","$690,000 "
BEDOK,2020,"$290,000 ","$410,000 ","$589,000 "
BISHAN,2020,"$367,000 ","$520,000 ","$718,000 "
BUKIT BATOK,2020,"$277,000 ","$385,000 ","$535,000 "
BUKIT MERAH,2020,"$329,000 ","$680,000 ","$745,000 "
BUKIT PANJANG,2020,"$315,000 ","$427,000 ","$530,000 "
BUKIT TIMAH,2020,*,*,*
CENTRAL,2020,"$421,000 ","$636,500 ",*
CHOA CHU KANG,2020,"$335,000 ","$400,000 ","$477,500 "
CLEMENTI,2020,"$327,000 ","$497,500 ","$690,000 "
GEYLANG,2020,"$278,500 ","$635,000 ",*
HOUGANG,2020,"$292,000 ","$410,000 ","$521,500 "
JURONG EAST,2020,"$299,000 ","$422,500 ","$524,000 "
JURONG WEST,2020,"$280,000 ","$375,000 ","$468,000 "
KALLANG/WHAMPOA,2020,"$303,000 ","$552,500 ","$654,000 "
MARINE PARADE,2020,"$354,000 ",*,*
PASIR RIS,2020,*,"$450,000 ","$511,400 "
PUNGGOL,2020,"$374,500 ","$475,500 ","$549,400 "
QUEENSTOWN,2020,"$328,000 ","$792,500 ","$917,500 "
SEMBAWANG,2020,*,"$370,000 ","$422,000 "
SENGKANG,2020,"$352,400 ","$435,000 ","$497,000 "
SERANGOON,2020,"$308,900 ","$438,000 ","$546,000 "
TAMPINES,2020,"$335,000 ","$435,000 ","$545,000 "
TOA PAYOH,2020,"$268,000 ","$566,000 ","$757,500 "
WOODLANDS,2020,"$265,000 ","$374,000 ","$445,000 "
YISHUN,2020,"$295,000 ","$400,000 ","$509,000 "
ANG MO KIO,2020,"$277,000 ","$415,000 ","$636,000 "
BEDOK,2020,"$275,000 ","$385,000 ","$560,000 "
BISHAN,2020,*,"$530,000 ","$760,000 "
BUKIT BATOK,2020,"$266,000 ","$365,500 ","$525,000 "
BUKIT MERAH,2020,"$310,000 ","$661,400 ","$760,000 "
BUKIT PANJANG,2020,"$316,500 ","$415,000 ","$520,900 "
BUKIT TIMAH,2020,*,*,*
CENTRAL,2020,"$400,000 ","$710,000 ",*
CHOA CHU KANG,2020,"$308,000 ","$386,500 ","$440,000 "
CLEMENTI,2020,"$295,000 ","$500,000 ","$842,500 "
GEYLANG,2020,"$259,500 ","$545,000 ","$689,000 "
HOUGANG,2020,"$290,000 ","$393,000 ","$537,900 "
JURONG EAST,2020,"$280,000 ","$400,000 ","$471,500 "
JURONG WEST,2020,"$265,000 ","$360,000 ","$448,000 "
KALLANG/WHAMPOA,2020,"$283,900 ","$515,000 ","$663,500 "
MARINE PARADE,2020,"$375,000 ",*,*
PASIR RIS,2020,*,"$428,000 ","$495,000 "
PUNGGOL,2020,"$360,000 ","$465,000 ","$560,000 "
QUEENSTOWN,2020,"$320,400 ","$783,500 ",*
SEMBAWANG,2020,*,"$360,000 ","$410,000 "
SENGKANG,2020,"$350,000 ","$435,000 ","$475,000 "
SERANGOON,2020,"$326,200 ","$425,000 ","$590,000 "
TAMPINES,2020,"$322,500 ","$430,100 ","$522,000 "
TOA PAYOH,2020,"$250,000 ","$550,000 ","$720,000 "
WOODLANDS,2020,"$255,000 ","$350,000 ","$425,000 "
YISHUN,2020,"$280,000 ","$365,300 ","$480,000 "
ANG MO KIO,2020,"$272,000 ","$405,000 ","$555,000 "
BEDOK,2020,"$275,500 ","$395,000 ","$560,000 "
BISHAN,2020,*,"$555,000 ",*
BUKIT BATOK,2020,"$260,000 ","$343,000 ",*
BUKIT MERAH,2020,"$327,500 ","$668,000 ","$725,000 "
BUKIT PANJANG,2020,"$308,000 ","$419,000 ","$460,000 "
BUKIT TIMAH,2020,*,*,*
CENTRAL,2020,*,*,*
CHOA CHU KANG,2020,*,"$360,000 ","$430,000 "
CLEMENTI,2020,"$290,000 ","$449,000 ",*
GEYLANG,2020,"$243,000 ","$427,500 ",*
HOUGANG,2020,"$280,000 ","$396,500 ","$530,000 "
JURONG EAST,2020,"$262,500 ","$368,000 ","$540,000 "
JURONG WEST,2020,"$260,000 ","$347,900 ","$430,000 "
KALLANG/WHAMPOA,2020,"$280,000 ","$525,000 ",*
MARINE PARADE,2020,*,*,*
PASIR RIS,2020,*,"$420,000 ","$500,000 "
PUNGGOL,2020,"$356,900 ","$465,000 ","$495,000 "
QUEENSTOWN,2020,"$298,000 ","$768,000 ",*
SEMBAWANG,2020,*,"$354,000 ","$406,000 "
SENGKANG,2020,"$338,500 ","$421,000 ","$518,000 "
SERANGOON,2020,*,"$458,000 ",*
TAMPINES,2020,"$325,000 ","$425,000 ","$530,000 "
TOA PAYOH,2020,"$250,000 ","$571,500 ","$682,000 "
WOODLANDS,2020,"$245,000 ","$335,000 ","$405,000 "
YISHUN,2020,"$265,000 ","$379,000 ","$485,000 "
ANG MO KIO,2020,"$269,500 ","$397,500 ","$590,400 "
BEDOK,2020,"$275,000 ","$387,300 ","$550,000 "
BISHAN,2020,*,"$521,500 ","$694,000 "
BUKIT BATOK,2020,"$253,000 ","$350,000 ","$518,500 "
BUKIT MERAH,2020,"$325,000 ","$640,000 ","$817,500 "
BUKIT PANJANG,2020,"$305,000 ","$411,000 ","$520,000 "
BUKIT TIMAH,2020,*,*,*
CENTRAL,2020,*,*,*
CHOA CHU KANG,2020,*,"$339,000 ","$420,000 "
CLEMENTI,2020,"$315,000 ","$644,000 ","$815,000 "
GEYLANG,2020,"$225,000 ","$450,000 ",*
HOUGANG,2020,"$272,000 ","$400,000 ","$511,500 "
JURONG EAST,2020,"$268,000 ","$375,000 ","$475,000 "
JURONG WEST,2020,"$260,000 ","$360,000 ","$429,400 "
KALLANG/WHAMPOA,2020,"$283,500 ","$500,000 ","$698,700 "
MARINE PARADE,2020,*,*,*
PASIR RIS,2020,*,"$435,500 ","$495,000 "
PUNGGOL,2020,"$356,500 ","$460,000 ","$493,000 "
QUEENSTOWN,2020,"$308,000 ","$728,000 ","$852,500 "
SEMBAWANG,2020,*,"$351,000 ","$408,000 "
SENGKANG,2020,"$340,000 ","$425,000 ","$480,000 "
SERANGOON,2020,*,"$429,000 ",*
TAMPINES,2020,"$320,000 ","$422,500 ","$535,000 "
TOA PAYOH,2020,"$250,000 ","$539,000 ","$688,000 "
WOODLANDS,2020,"$263,000 ","$340,000 ","$405,000 "
YISHUN,2020,"$270,000 ","$360,000 ","$482,500 "
ANG MO KIO,2019,"$270,000 ","$397,500 ","$614,000 "
BEDOK,2019,"$275,000 ","$380,000 ","$565,000 "
BISHAN,2019,*,"$558,000 ","$738,400 "
BUKIT BATOK,2019,"$250,000 ","$355,000 ","$500,000 "
BUKIT MERAH,2019,"$310,000 ","$684,000 ","$783,500 "
BUKIT PANJANG,2019,"$301,000 ","$402,500 ","$500,000 "
BUKIT TIMAH,2019,*,*,*
CENTRAL,2019,"$410,000 ","$665,000 ",*
CHOA CHU KANG,2019,*,"$335,900 ","$416,500 "
CLEMENTI,2019,"$299,000 ","$655,000 ",*
GEYLANG,2019,"$265,000 ","$445,500 ",*
HOUGANG,2019,"$280,000 ","$388,000 ","$489,000 "
JURONG EAST,2019,"$265,800 ","$367,500 ","$512,500 "
JURONG WEST,2019,"$246,900 ","$350,000 ","$439,000 "
KALLANG/WHAMPOA,2019,"$317,500 ","$610,000 ","$725,000 "
MARINE PARADE,2019,*,*,*
PASIR RIS,2019,*,"$420,000 ","$500,000 "
PUNGGOL,2019,"$358,000 ","$463,900 ","$472,500 "
QUEENSTOWN,2019,"$316,500 ","$750,000 ",*
SEMBAWANG,2019,*,"$347,500 ","$402,000 "
SENGKANG,2019,"$339,000 ","$425,000 ","$478,000 "
SERANGOON,2019,"$300,000 ","$440,000 ","$548,000 "
TAMPINES,2019,"$326,500 ","$430,000 ","$530,000 "
TOA PAYOH,2019,"$262,500 ","$505,700 ","$738,000 "
WOODLANDS,2019,"$240,000 ","$330,000 ","$398,000 "
YISHUN,2019,"$265,000 ","$370,000 ","$470,000 "
ANG MO KIO,2019,"$280,000 ","$408,000 ","$597,500 "
BEDOK,2019,"$280,000 ","$400,000 ","$575,000 "
BISHAN,2019,*,"$561,000 ","$750,000 "
BUKIT BATOK,2019,"$250,000 ","$359,000 ","$525,000 "
BUKIT MERAH,2019,"$320,000 ","$710,000 ","$810,000 "
BUKIT PANJANG,2019,"$309,500 ","$380,000 ","$450,000 "
BUKIT TIMAH,2019,*,*,*
CENTRAL,2019,*,"$890,000 ",*
CHOA CHU KANG,2019,"$295,000 ","$338,000 ","$410,000 "
CLEMENTI,2019,"$290,000 ","$505,000 ",*
GEYLANG,2019,"$255,000 ","$484,000 ","$640,000 "
HOUGANG,2019,"$275,000 ","$385,000 ","$488,000 "
JURONG EAST,2019,"$265,000 ","$394,000 ","$508,000 "
JURONG WEST,2019,"$243,500 ","$368,000 ","$445,000 "
KALLANG/WHAMPOA,2019,"$321,500 ","$500,000 ","$690,000 "
MARINE PARADE,2019,"$347,500 ",*,*
PASIR RIS,2019,*,"$415,000 ","$480,000 "
PUNGGOL,2019,"$356,500 ","$460,000 ","$480,000 "
QUEENSTOWN,2019,"$301,500 ","$739,000 ","$832,500 "
SEMBAWANG,2019,*,"$346,400 ","$392,500 "
SENGKANG,2019,"$340,000 ","$420,000 ","$472,000 "
SERANGOON,2019,"$311,500 ","$460,000 ","$522,000 "
TAMPINES,2019,"$330,000 ","$420,400 ","$520,000 "
TOA PAYOH,2019,"$239,500 ","$557,500 ","$723,000 "
WOODLANDS,2019,"$260,000 ","$334,000 ","$406,000 "
YISHUN,2019,"$268,000 ","$368,000 ","$487,500 "
ANG MO KIO,2019,"$272,000 ","$412,500 ","$680,000 "
BEDOK,2019,"$275,000 ","$385,000 ","$560,000 "
BISHAN,2019,*,"$542,500 ","$712,500 "
BUKIT BATOK,2019,"$254,000 ","$369,400 ","$515,000 "
BUKIT MERAH,2019,"$315,000 ","$680,000 ","$780,000 "
BUKIT PANJANG,2019,"$305,000 ","$400,000 ","$470,000 "
BUKIT TIMAH,2019,*,*,*
CENTRAL,2019,"$393,000 ","$756,000 ",*
CHOA CHU KANG,2019,*,"$335,000 ","$390,000 "
CLEMENTI,2019,"$302,500 ","$460,000 ",*
GEYLANG,2019,"$272,900 ","$480,000 ",*
HOUGANG,2019,"$270,000 ","$378,000 ","$490,000 "
JURONG EAST,2019,"$272,500 ","$381,000 ","$495,000 "
JURONG WEST,2019,"$260,000 ","$349,000 ","$437,000 "
KALLANG/WHAMPOA,2019,"$317,500 ","$540,000 ","$750,000 "
MARINE PARADE,2019,"$348,500 ",*,*
PASIR RIS,2019,-,"$410,000 ","$475,000 "
PUNGGOL,2019,"$360,000 ","$460,000 ","$455,000 "
QUEENSTOWN,2019,"$307,400 ","$735,000 ","$815,000 "
SEMBAWANG,2019,*,"$340,000 ","$400,000 "
SENGKANG,2019,"$340,000 ","$422,500 ","$445,000 "
SERANGOON,2019,"$297,500 ","$415,000 ",*
TAMPINES,2019,"$328,000 ","$425,000 ","$529,500 "
TOA PAYOH,2019,"$258,000 ","$573,000 ","$839,000 "
WOODLANDS,2019,"$240,000 ","$328,000 ","$400,000 "
YISHUN,2019,"$260,000 ","$358,000 ","$485,000 "
ANG MO KIO,2019,"$271,500 ","$406,500 ","$677,500 "
BEDOK,2019,"$280,000 ","$390,000 ","$556,400 "
BISHAN,2019,*,"$549,000 ","$718,000 "
BUKIT BATOK,2019,"$255,000 ","$365,000 ","$527,500 "
BUKIT MERAH,2019,"$313,800 ","$675,000 ","$784,000 "
BUKIT PANJANG,2019,*,"$385,000 ","$475,000 "
BUKIT TIMAH,2019,*,*,*
CENTRAL,2019,*,*,*
CHOA CHU KANG,2019,*,"$339,000 ","$405,000 "
CLEMENTI,2019,"$315,000 ","$510,000 ",*
GEYLANG,2019,"$265,500 ","$518,000 ",*
HOUGANG,2019,"$278,000 ","$370,100 ","$488,000 "
JURONG EAST,2019,"$270,000 ","$390,000 ","$553,500 "
JURONG WEST,2019,"$255,000 ","$355,000 ","$428,000 "
KALLANG/WHAMPOA,2019,"$315,000 ","$520,000 ","$660,000 "
MARINE PARADE,2019,*,*,*
PASIR RIS,2019,-,"$397,000 ","$479,000 "
PUNGGOL,2019,"$355,000 ","$453,900 ","$475,000 "
QUEENSTOWN,2019,"$369,000 ","$720,000 ",*
SEMBAWANG,2019,*,"$338,000 ","$392,000 "
SENGKANG,2019,"$336,500 ","$410,000 ","$465,000 "
SERANGOON,2019,"$310,000 ","$431,500 ","$533,000 "
TAMPINES,2019,"$325,000 ","$430,000 ","$520,000 "
TOA PAYOH,2019,"$250,000 ","$557,000 ","$818,000 "
WOODLANDS,2019,"$257,000 ","$323,000 ","$398,000 "
YISHUN,2019,"$264,900 ","$342,000 ","$456,900 "
ANG MO KIO,2018,"$280,000 ","$420,000 ","$735,900 "
BEDOK,2018,"$285,000 ","$400,000 ","$603,800 "
BISHAN,2018,*,"$536,500 ","$745,000 "
BUKIT BATOK,2018,"$258,000 ","$365,000 ","$528,000 "
BUKIT MERAH,2018,"$330,000 ","$680,000 ","$744,400 "
BUKIT PANJANG,2018,"$278,000 ","$358,000 ","$484,000 "
BUKIT TIMAH,2018,*,*,*
CENTRAL,2018,*,*,*
CHOA CHU KANG,2018,*,"$338,000 ","$394,000 "
CLEMENTI,2018,"$310,900 ","$600,000 ",*
GEYLANG,2018,"$280,000 ","$480,000 ",*
HOUGANG,2018,"$280,000 ","$396,000 ","$470,000 "
JURONG EAST,2018,"$270,000 ","$390,000 ","$526,500 "
JURONG WEST,2018,"$250,000 ","$350,000 ","$433,000 "
KALLANG/WHAMPOA,2018,"$305,000 ","$563,000 ","$690,000 "
MARINE PARADE,2018,*,*,*
PASIR RIS,2018,*,"$405,000 ","$478,000 "
PUNGGOL,2018,"$343,000 ","$455,000 ","$445,000 "
QUEENSTOWN,2018,"$340,000 ","$700,000 ",*
SEMBAWANG,2018,*,"$330,000 ","$382,000 "
SENGKANG,2018,"$342,500 ","$408,000 ","$442,500 "
SERANGOON,2018,"$318,000 ","$416,000 ","$560,000 "
TAMPINES,2018,"$326,000 ","$426,000 ","$529,000 "
TOA PAYOH,2018,"$265,000 ","$581,500 ","$813,000 "
WOODLANDS,2018,"$253,000 ","$322,800 ","$398,000 "
YISHUN,2018,"$260,000 ","$338,000 ","$450,000 "
ANG MO KIO,2018,"$290,000 ","$440,000 ","$699,900 "
BEDOK,2018,"$290,000 ","$405,000 ","$578,000 "
BISHAN,2018,*,"$558,000 ","$741,500 "
BUKIT BATOK,2018,"$258,000 ","$378,400 ","$520,000 "
BUKIT MERAH,2018,"$355,000 ","$660,000 ","$810,000 "
BUKIT PANJANG,2018,*,"$368,000 ","$450,000 "
BUKIT TIMAH,2018,*,*,*
CENTRAL,2018,"$404,000 ",*,*
CHOA CHU KANG,2018,"$268,000 ","$338,500 ","$400,000 "
CLEMENTI,2018,"$310,500 ","$504,000 ","$635,500 "
GEYLANG,2018,"$270,000 ","$472,500 ",*
HOUGANG,2018,"$283,000 ","$380,000 ","$491,000 "
JURONG EAST,2018,"$281,000 ","$429,000 ","$552,500 "
JURONG WEST,2018,"$240,000 ","$350,000 ","$435,000 "
KALLANG/WHAMPOA,2018,"$300,000 ","$500,000 ","$699,900 "
MARINE PARADE,2018,*,*,*
PASIR RIS,2018,*,"$405,000 ","$470,000 "
PUNGGOL,2018,"$356,500 ","$450,000 ","$438,000 "
QUEENSTOWN,2018,"$355,000 ","$715,000 ","$849,000 "
SEMBAWANG,2018,*,"$336,500 ","$390,000 "
SENGKANG,2018,"$337,500 ","$410,000 ","$445,000 "
SERANGOON,2018,"$307,500 ","$470,000 ","$487,000 "
TAMPINES,2018,"$335,000 ","$425,000 ","$532,500 "
TOA PAYOH,2018,"$279,000 ","$615,000 ","$823,000 "
WOODLANDS,2018,"$260,000 ","$328,000 ","$407,000 "
YISHUN,2018,"$263,000 ","$350,000 ","$440,000 "
ANG MO KIO,2018,"$290,000 ","$460,000 ","$697,500 "
BEDOK,2018,"$287,000 ","$408,000 ","$581,500 "
BISHAN,2018,*,"$580,000 ","$756,000 "
BUKIT BATOK,2018,"$264,000 ","$380,000 ","$500,000 "
BUKIT MERAH,2018,"$335,000 ","$662,500 ","$800,400 "
BUKIT PANJANG,2018,*,"$368,000 ","$470,000 "
BUKIT TIMAH,2018,*,*,*
CENTRAL,2018,*,"$870,000 ",*
CHOA CHU KANG,2018,*,"$330,000 ","$410,000 "
CLEMENTI,2018,"$320,000 ","$557,500 ",*
GEYLANG,2018,"$305,300 ","$480,000 ",*
HOUGANG,2018,"$282,500 ","$372,000 ","$460,000 "
JURONG EAST,2018,"$285,000 ","$407,500 ","$543,900 "
JURONG WEST,2018,"$260,000 ","$365,000 ","$440,000 "
KALLANG/WHAMPOA,2018,"$300,000 ","$600,000 ","$769,600 "
MARINE PARADE,2018,*,*,*
PASIR RIS,2018,-,"$405,900 ","$480,000 "
PUNGGOL,2018,"$349,000 ","$441,500 ","$432,500 "
QUEENSTOWN,2018,"$348,400 ","$738,000 ","$838,000 "
SEMBAWANG,2018,-,"$334,900 ","$393,900 "
SENGKANG,2018,"$320,000 ","$410,000 ","$437,400 "
SERANGOON,2018,"$315,000 ","$410,000 ","$520,000 "
TAMPINES,2018,"$330,000 ","$431,000 ","$547,500 "
TOA PAYOH,2018,"$275,000 ","$580,000 ","$845,000 "
WOODLANDS,2018,"$270,000 ","$330,000 ","$408,400 "
YISHUN,2018,"$270,000 ","$340,000 ","$458,000 "
ANG MO KIO,2018,"$288,400 ","$452,000 ","$659,000 "
BEDOK,2018,"$300,000 ","$412,000 ","$575,000 "
BISHAN,2018,*,"$544,000 ","$769,000 "
BUKIT BATOK,2018,"$268,000 ","$390,000 ","$538,000 "
BUKIT MERAH,2018,"$333,500 ","$650,000 ","$760,000 "
BUKIT PANJANG,2018,*,"$364,500 ","$469,000 "
BUKIT TIMAH,2018,-,*,*
CENTRAL,2018,*,"$850,000 ",*
CHOA CHU KANG,2018,*,"$331,000 ","$380,000 "
CLEMENTI,2018,"$320,000 ","$640,000 ",*
GEYLANG,2018,"$290,000 ","$537,000 ",*
HOUGANG,2018,"$282,500 ","$380,000 ","$475,000 "
JURONG EAST,2018,"$283,000 ","$417,500 ","$526,900 "
JURONG WEST,2018,"$248,000 ","$350,000 ","$430,000 "
KALLANG/WHAMPOA,2018,"$313,000 ","$500,000 ","$702,500 "
MARINE PARADE,2018,*,*,*
PASIR RIS,2018,*,"$412,000 ","$480,000 "
PUNGGOL,2018,"$344,000 ","$445,000 ","$435,000 "
QUEENSTOWN,2018,"$328,000 ","$722,500 ",*
SEMBAWANG,2018,*,"$343,500 ","$375,000 "
SENGKANG,2018,*,"$399,000 ","$438,400 "
SERANGOON,2018,*,"$470,000 ","$507,500 "
TAMPINES,2018,"$330,000 ","$429,000 ","$525,000 "
TOA PAYOH,2018,"$275,000 ","$579,500 ","$850,000 "
WOODLANDS,2018,"$270,900 ","$330,000 ","$406,000 "
YISHUN,2018,"$271,000 ","$343,000 ","$475,300 "
ANG MO KIO,2017,"$300,000 ","$464,000 ","$660,000 "
BEDOK,2017,"$300,000 ","$418,000 ","$586,000 "
BISHAN,2017,*,"$560,000 ","$815,000 "
BUKIT BATOK,2017,"$268,000 ","$391,000 ","$545,000 "
BUKIT MERAH,2017,"$365,000 ","$690,000 ","$768,000 "
BUKIT PANJANG,2017,"$283,000 ","$365,000 ","$456,900 "
BUKIT TIMAH,2017,*,*,*
CENTRAL,2017,"$412,500 ",*,*
CHOA CHU KANG,2017,"$270,000 ","$338,000 ","$410,000 "
CLEMENTI,2017,"$343,500 ","$521,500 ",*
GEYLANG,2017,"$280,000 ","$505,000 ","$641,400 "
HOUGANG,2017,"$283,000 ","$380,000 ","$472,000 "
JURONG EAST,2017,"$290,000 ","$435,000 ","$541,000 "
JURONG WEST,2017,"$270,000 ","$358,000 ","$449,800 "
KALLANG/WHAMPOA,2017,"$310,000 ","$506,300 ","$690,000 "
MARINE PARADE,2017,*,*,*
PASIR RIS,2017,*,"$402,500 ","$475,000 "
PUNGGOL,2017,*,"$440,000 ","$438,000 "
QUEENSTOWN,2017,"$345,000 ","$716,000 ",*
SEMBAWANG,2017,-,"$340,000 ","$405,000 "
SENGKANG,2017,"$340,000 ","$405,000 ","$440,000 "
SERANGOON,2017,"$321,000 ","$461,500 ",*
TAMPINES,2017,"$334,000 ","$430,000 ","$534,000 "
TOA PAYOH,2017,"$301,900 ","$620,000 ","$855,000 "
WOODLANDS,2017,"$259,000 ","$330,000 ","$408,000 "
YISHUN,2017,"$268,000 ","$341,000 ","$465,000 "
ANG MO KIO,2017,"$310,000 ","$458,000 ","$665,000 "
BEDOK,2017,"$300,000 ","$420,000 ","$563,000 "
BISHAN,2017,*,"$580,000 ","$770,000 "
BUKIT BATOK,2017,"$272,000 ","$400,000 ","$547,500 "
BUKIT MERAH,2017,"$350,000 ","$692,500 ","$718,500 "
BUKIT PANJANG,2017,*,"$375,000 ","$471,500 "
BUKIT TIMAH,2017,*,*,*
CENTRAL,2017,*,*,*
CHOA CHU KANG,2017,*,"$350,000 ","$408,000 "
CLEMENTI,2017,"$336,000 ","$564,800 ",*
GEYLANG,2017,"$268,000 ","$480,000 ",*
HOUGANG,2017,"$288,000 ","$380,000 ","$480,400 "
JURONG EAST,2017,"$280,000 ","$415,000 ","$513,000 "
JURONG WEST,2017,"$260,000 ","$363,900 ","$457,000 "
KALLANG/WHAMPOA,2017,"$326,000 ","$533,800 ","$702,500 "
MARINE PARADE,2017,*,*,*
PASIR RIS,2017,*,"$405,000 ","$469,000 "
PUNGGOL,2017,"$358,000 ","$438,400 ","$432,500 "
QUEENSTOWN,2017,"$355,500 ","$718,000 ","$800,000 "
SEMBAWANG,2017,-,"$339,000 ","$405,000 "
SENGKANG,2017,"$342,000 ","$415,000 ","$438,000 "
SERANGOON,2017,"$305,000 ","$456,500 ","$512,000 "
TAMPINES,2017,"$320,000 ","$430,000 ","$538,900 "
TOA PAYOH,2017,"$302,500 ","$600,000 ","$880,000 "
WOODLANDS,2017,"$265,000 ","$348,000 ","$415,000 "
YISHUN,2017,"$280,000 ","$350,000 ","$470,000 "
ANG MO KIO,2017,"$308,900 ","$465,500 ","$667,500 "
BEDOK,2017,"$300,000 ","$415,000 ","$560,000 "
BISHAN,2017,*,"$568,000 ","$779,500 "
BUKIT BATOK,2017,"$275,000 ","$395,000 ","$535,000 "
BUKIT MERAH,2017,"$367,500 ","$688,000 ","$745,000 "
BUKIT PANJANG,2017,"$290,000 ","$370,000 ","$465,000 "
BUKIT TIMAH,2017,*,*,*
CENTRAL,2017,"$410,000 ",*,*
CHOA CHU KANG,2017,*,"$345,000 ","$410,000 "
CLEMENTI,2017,"$342,500 ","$610,000 ",*
GEYLANG,2017,"$270,000 ","$500,000 ","$610,000 "
HOUGANG,2017,"$298,000 ","$390,000 ","$480,000 "
JURONG EAST,2017,"$295,000 ","$408,000 ",*
JURONG WEST,2017,"$272,500 ","$360,000 ","$468,000 "
KALLANG/WHAMPOA,2017,"$320,000 ","$568,500 ","$711,500 "
MARINE PARADE,2017,"$400,000 ",*,*
PASIR RIS,2017,*,"$400,000 ","$475,000 "
PUNGGOL,2017,"$360,000 ","$441,500 ","$440,000 "
QUEENSTOWN,2017,"$369,000 ","$695,000 ",*
SEMBAWANG,2017,-,"$349,600 ","$409,000 "
SENGKANG,2017,*,"$415,000 ","$440,000 "
SERANGOON,2017,"$326,500 ","$433,900 ",*
TAMPINES,2017,"$332,000 ","$435,000 ","$535,000 "
TOA PAYOH,2017,"$304,500 ","$554,000 ","$754,000 "
WOODLANDS,2017,"$264,000 ","$346,000 ","$415,000 "
YISHUN,2017,"$280,000 ","$358,000 ","$465,000 "
ANG MO KIO,2017,"$315,000 ","$460,000 ","$688,000 "
BEDOK,2017,"$305,000 ","$410,000 ","$552,500 "
BISHAN,2017,*,"$547,500 ","$745,300 "
BUKIT BATOK,2017,"$276,500 ","$411,000 ",*
BUKIT MERAH,2017,"$358,000 ","$630,000 ","$750,000 "
BUKIT PANJANG,2017,*,"$358,000 ","$460,000 "
BUKIT TIMAH,2017,*,*,*
CENTRAL,2017,*,"$811,500 ",*
CHOA CHU KANG,2017,*,"$343,000 ","$405,000 "
CLEMENTI,2017,"$340,000 ","$530,000 ",*
GEYLANG,2017,"$281,500 ","$513,800 ",*
HOUGANG,2017,"$296,000 ","$390,000 ","$478,000 "
JURONG EAST,2017,"$285,000 ","$410,000 ","$515,000 "
JURONG WEST,2017,"$274,000 ","$375,000 ","$462,500 "
KALLANG/WHAMPOA,2017,"$335,000 ","$574,000 ","$785,000 "
MARINE PARADE,2017,*,*,*
PASIR RIS,2017,*,"$395,000 ","$475,000 "
PUNGGOL,2017,*,"$452,500 ","$450,000 "
QUEENSTOWN,2017,"$340,000 ","$702,500 ",*
SEMBAWANG,2017,*,"$365,000 ","$410,000 "
SENGKANG,2017,*,"$415,000 ","$440,000 "
SERANGOON,2017,"$320,000 ","$443,800 ",*
TAMPINES,2017,"$319,000 ","$423,000 ","$519,000 "
TOA PAYOH,2017,"$306,000 ","$631,000 ","$830,000 "
WOODLANDS,2017,"$265,000 ","$350,000 ","$420,000 "
YISHUN,2017,"$285,000 ","$356,000 ","$455,000 "
ANG MO KIO,2016,"$318,000 ","$469,000 ","$700,000 "
BEDOK,2016,"$302,900 ","$419,800 ","$575,000 "
BISHAN,2016,*,"$602,000 ","$778,500 "
BUKIT BATOK,2016,"$280,000 ","$405,000 ",*
BUKIT MERAH,2016,"$390,000 ","$604,000 ","$724,000 "
BUKIT PANJANG,2016,"$290,000 ","$345,000 ","$449,000 "
BUKIT TIMAH,2016,*,*,*
CENTRAL,2016,"$420,000 ","$845,000 ",*
CHOA CHU KANG,2016,*,"$345,000 ","$410,000 "
CLEMENTI,2016,"$345,000 ","$518,000 ",*
GEYLANG,2016,"$280,000 ","$550,000 ",*
HOUGANG,2016,"$288,000 ","$380,000 ","$480,000 "
JURONG EAST,2016,"$303,000 ","$403,800 ","$548,000 "
JURONG WEST,2016,"$270,000 ","$376,900 ","$470,000 "
KALLANG/WHAMPOA,2016,"$320,000 ","$518,000 ","$706,000 "
MARINE PARADE,2016,*,*,*
PASIR RIS,2016,-,"$400,000 ","$472,400 "
PUNGGOL,2016,*,"$450,000 ","$450,000 "
QUEENSTOWN,2016,"$371,300 ","$680,000 ",*
SEMBAWANG,2016,-,"$361,500 ","$412,500 "
SENGKANG,2016,*,"$408,000 ","$447,500 "
SERANGOON,2016,*,"$465,000 ",*
TAMPINES,2016,"$321,500 ","$430,000 ","$530,000 "
TOA PAYOH,2016,"$304,000 ","$565,000 ",*
WOODLANDS,2016,"$268,000 ","$350,000 ","$420,000 "
YISHUN,2016,"$285,000 ","$369,000 ","$458,400 "
ANG MO KIO,2016,"$320,000 ","$459,000 ","$655,000 "
BEDOK,2016,"$300,000 ","$410,000 ","$548,000 "
BISHAN,2016,*,"$561,000 ","$730,000 "
BUKIT BATOK,2016,"$280,000 ","$400,000 ","$560,000â€¢"
BUKIT MERAH,2016,"$340,000 ","$630,000 ","$737,500 "
BUKIT PANJANG,2016,"$285,000 ","$350,000 ","$485,000 "
BUKIT TIMAH,2016,*,*,*
CENTRAL,2016,*,"$784,000 ",*
CHOA CHU KANG,2016,*,"$345,000 ","$412,000 "
CLEMENTI,2016,"$336,000 ","$530,900 ",*
GEYLANG,2016,"$287,000 ","$463,000 ",*
HOUGANG,2016,"$295,000 ","$376,000 ","$507,000 "
JURONG EAST,2016,"$303,000 ","$419,000 ","$615,000 "
JURONG WEST,2016,"$280,000 ","$390,000 ","$460,000 "
KALLANG/WHAMPOA,2016,"$329,000 ","$581,500 ","$785,000 "
MARINE PARADE,2016,*,*,*
PASIR RIS,2016,*,"$405,000 ","$466,500 "
PUNGGOL,2016,*,"$445,000 ","$448,900 "
QUEENSTOWN,2016,"$354,000 ","$700,000 ",*
SEMBAWANG,2016,-,"$360,000 ","$415,000 "
SENGKANG,2016,*,"$420,000 ","$458,000 "
SERANGOON,2016,"$323,000 ","$425,000 ",*
TAMPINES,2016,"$330,000 ","$428,000 ","$528,000 "
TOA PAYOH,2016,"$300,000 ","$580,000 ","$727,500 "
WOODLANDS,2016,"$268,500 ","$358,000 ","$422,000 "
YISHUN,2016,"$288,000 ","$365,000 ","$457,900 "
ANG MO KIO,2016,"$318,000 ","$468,000 ","$650,000 "
BEDOK,2016,"$304,400 ","$399,800 ","$540,000 "
BISHAN,2016,*,"$575,000 ","$752,000 "
BUKIT BATOK,2016,"$285,500 ","$408,000 ",*
BUKIT MERAH,2016,"$365,000 ","$642,500 ","$776,000 "
BUKIT PANJANG,2016,"$290,000 ","$359,000 ","$456,500 "
BUKIT TIMAH,2016,*,*,*
CENTRAL,2016,*,"$620,000 ",*
CHOA CHU KANG,2016,*,"$357,000 ","$413,200 "
CLEMENTI,2016,"$340,000 ","$500,000 ",*
GEYLANG,2016,"$290,000 ","$467,500 ",*
HOUGANG,2016,"$302,800 ","$380,000 ","$490,000 "
JURONG EAST,2016,"$304,000 ","$420,000 ",*
JURONG WEST,2016,"$282,500 ","$380,000 ","$455,000 "
KALLANG/WHAMPOA,2016,"$354,000 ","$575,000 ","$787,500 "
MARINE PARADE,2016,*,*,*
PASIR RIS,2016,-,"$405,000 ","$470,000 "
PUNGGOL,2016,*,"$445,000 ","$450,000 "
QUEENSTOWN,2016,"$368,000 ","$685,000 ","$855,000 "
SEMBAWANG,2016,-,"$363,000 ","$415,000 "
SENGKANG,2016,*,"$415,900 ","$450,000 "
SERANGOON,2016,"$315,000 ","$434,500 ","$529,000 "
TAMPINES,2016,"$330,000 ","$423,000 ","$525,000 "
TOA PAYOH,2016,"$310,000 ","$620,000 ","$702,000 "
WOODLANDS,2016,"$270,000 ","$358,000 ","$430,000 "
YISHUN,2016,"$290,000 ","$370,000 ","$449,000 "
ANG MO KIO,2016,"$318,000 ","$465,000 ","$680,000 "
BEDOK,2016,"$300,000 ","$400,000 ","$573,000 "
BISHAN,2016,*,"$545,000 ","$739,000 "
BUKIT BATOK,2016,"$288,000 ","$400,000 ",*
BUKIT MERAH,2016,"$350,000 ","$605,000 ","$750,000 "
BUKIT PANJANG,2016,"$285,000 ","$356,600 ","$455,000 "
BUKIT TIMAH,2016,-,*,*
CENTRAL,2016,"$445,000 ",*,*
CHOA CHU KANG,2016,*,"$352,000 ","$416,500 "
CLEMENTI,2016,"$330,000 ","$514,000 ",*
GEYLANG,2016,"$275,000 ","$457,500 ",*
HOUGANG,2016,"$298,000 ","$383,900 ","$500,000 "
JURONG EAST,2016,"$300,000 ","$405,000 ","$607,000 "
JURONG WEST,2016,"$285,000 ","$384,000 ","$480,000 "
KALLANG/WHAMPOA,2016,"$342,000 ","$572,500 ",*
MARINE PARADE,2016,*,*,*
PASIR RIS,2016,-,"$402,000 ","$475,000 "
PUNGGOL,2016,*,"$435,000 ","$450,000 "
QUEENSTOWN,2016,"$358,000 ","$680,000 ",*
SEMBAWANG,2016,-,"$366,000 ","$416,500 "
SENGKANG,2016,*,"$410,000 ","$455,000 "
SERANGOON,2016,*,"$467,000 ",*
TAMPINES,2016,"$323,000 ","$423,400 ","$526,500 "
TOA PAYOH,2016,"$303,000 ","$510,000 ",*
WOODLANDS,2016,"$276,500 ","$360,000 ","$425,000 "
YISHUN,2016,"$289,000 ","$360,000 ","$460,000 "
ANG MO KIO,2015,"$318,000 ","$464,000 ","$648,000 "
BEDOK,2015,"$300,000 ","$415,000 ","$587,500 "
BISHAN,2015,*,"$535,000 ","$730,000 "
BUKIT BATOK,2015,"$280,000 ","$402,000 ","$538,500 "
BUKIT MERAH,2015,"$385,000 ","$640,000 ","$728,000 "
BUKIT PANJANG,2015,*,"$350,000 ","$449,400 "
BUKIT TIMAH,2015,*,*,*
CENTRAL,2015,"$425,000 ","$835,000 ",*
CHOA CHU KANG,2015,*,"$353,000 ","$416,500 "
CLEMENTI,2015,"$320,000 ","$535,000 ",*
GEYLANG,2015,"$288,000 ","$500,000 ",*
HOUGANG,2015,"$300,000 ","$398,000 ","$490,000 "
JURONG EAST,2015,"$303,000 ","$416,000 ",*
JURONG WEST,2015,"$287,500 ","$380,000 ","$458,000 "
KALLANG/WHAMPOA,2015,"$328,000 ","$546,000 ","$666,000 "
MARINE PARADE,2015,*,*,*
PASIR RIS,2015,-,"$397,000 ","$468,000 "
PUNGGOL,2015,*,"$420,000 ","$446,900 "
QUEENSTOWN,2015,"$367,500 ","$699,000 ",*
SEMBAWANG,2015,-,"$360,000 ","$420,000 "
SENGKANG,2015,*,"$402,900 ","$455,000 "
SERANGOON,2015,"$321,500 ","$428,000 ",*
TAMPINES,2015,"$320,000 ","$420,000 ","$519,700 "
TOA PAYOH,2015,"$303,000 ","$530,000 ","$770,000 "
WOODLANDS,2015,"$273,000 ","$365,000 ","$429,900 "
YISHUN,2015,"$290,000 ","$354,000 ","$450,000 "
ANG MO KIO,2015,"$320,000 ","$450,000 ","$633,000 "
BEDOK,2015,"$308,000 ","$408,000 ","$565,300 "
BISHAN,2015,*,"$537,500 ",*
BUKIT BATOK,2015,"$288,000 ","$410,000 ",*
BUKIT MERAH,2015,"$361,000 ","$670,000 ","$761,500 "
BUKIT PANJANG,2015,"$283,500 ","$365,000 ","$449,000 "
BUKIT TIMAH,2015,*,*,-
CENTRAL,2015,*,"$839,400 ",*
CHOA CHU KANG,2015,*,"$350,000 ","$415,500 "
CLEMENTI,2015,"$350,000 ","$507,500 ",*
GEYLANG,2015,"$280,000 ","$490,000 ","$600,000 "
HOUGANG,2015,"$300,000 ","$390,000 ","$481,500 "
JURONG EAST,2015,"$297,500 ","$400,000 ",*
JURONG WEST,2015,"$285,000 ","$373,000 ","$445,000 "
KALLANG/WHAMPOA,2015,"$310,000 ","$580,000 ",*
MARINE PARADE,2015,*,*,*
PASIR RIS,2015,*,"$407,500 ","$469,000 "
PUNGGOL,2015,*,"$410,000 ","$446,500 "
QUEENSTOWN,2015,"$370,300 ","$685,000 ",*
SEMBAWANG,2015,-,"$375,000 ","$420,000 "
SENGKANG,2015,*,"$409,000 ","$460,000 "
SERANGOON,2015,"$328,000 ","$485,000 ",*
TAMPINES,2015,"$328,000 ","$424,400 ","$515,500 "
TOA PAYOH,2015,"$315,000 ","$503,000 ","$645,000 "
WOODLANDS,2015,"$268,000 ","$355,000 ","$425,000 "
YISHUN,2015,"$290,000 ","$365,000 ","$455,000 "
ANG MO KIO,2015,"$313,500 ","$450,000 ","$640,000 "
BEDOK,2015,"$308,000 ","$410,000 ","$556,500 "
BISHAN,2015,*,"$530,000 ",*
BUKIT BATOK,2015,"$288,000 ","$407,000 ","$555,000 "
BUKIT MERAH,2015,"$376,900 ","$615,000 ","$783,500 "
BUKIT PANJANG,2015,"$295,000 ","$355,000 ","$472,500 "
BUKIT TIMAH,2015,*,*,*
CENTRAL,2015,*,"$855,000 ",*
CHOA CHU KANG,2015,*,"$355,000 ","$425,000 "
CLEMENTI,2015,"$340,000 ","$508,000 ",*
GEYLANG,2015,"$300,900 ","$453,000 ",*
HOUGANG,2015,"$308,000 ","$400,000 ","$500,000 "
JURONG EAST,2015,"$310,000 ","$411,000 ","$540,000 "
JURONG WEST,2015,"$285,000 ","$377,900 ","$455,000 "
KALLANG/WHAMPOA,2015,"$359,300 ","$520,000 ","$697,500 "
MARINE PARADE,2015,*,*,*
PASIR RIS,2015,*,"$400,000 ","$470,000 "
PUNGGOL,2015,-,"$420,000 ","$447,500 "
QUEENSTOWN,2015,"$380,000 ","$655,000 ",*
SEMBAWANG,2015,-,"$370,000 ","$418,000 "
SENGKANG,2015,*,"$412,000 ","$456,000 "
SERANGOON,2015,"$336,500 ","$460,000 ",*
TAMPINES,2015,"$330,000 ","$425,000 ","$521,000 "
TOA PAYOH,2015,"$310,000 ","$480,000 ",*
WOODLANDS,2015,"$274,500 ","$360,000 ","$425,000 "
YISHUN,2015,"$290,000 ","$358,000 ","$469,900 "
ANG MO KIO,2015,"$322,000 ","$467,500 ",*
BEDOK,2015,"$305,500 ","$415,000 ","$568,000 "
BISHAN,2015,*,"$520,000 ",*
BUKIT BATOK,2015,"$290,000 ","$416,500 ",*
BUKIT MERAH,2015,"$369,900 ","$615,000 ","$785,000 "
BUKIT PANJANG,2015,*,"$365,000 ","$450,000 "
BUKIT TIMAH,2015,*,*,*
CENTRAL,2015,*,"$850,000 ",*
CHOA CHU KANG,2015,*,"$366,500 ","$444,800 "
CLEMENTI,2015,"$345,000 ","$512,800 ",*
GEYLANG,2015,"$299,000 ","$490,000 ",*
HOUGANG,2015,"$305,000 ","$400,000 ","$501,500 "
JURONG EAST,2015,"$315,000 ","$415,000 ",*
JURONG WEST,2015,"$288,000 ","$373,000 ","$455,000 "
KALLANG/WHAMPOA,2015,"$360,000 ","$517,500 ",*
MARINE PARADE,2015,*,*,*
PASIR RIS,2015,*,"$410,000 ","$485,000 "
PUNGGOL,2015,-,"$430,000 ","$465,000 "
QUEENSTOWN,2015,"$362,500 ","$679,000 ",*
SEMBAWANG,2015,-,"$370,000 ","$428,000 "
SENGKANG,2015,*,"$420,000 ","$460,000 "
SERANGOON,2015,"$348,000 ","$453,000 ",*
TAMPINES,2015,"$333,000 ","$420,000 ","$525,000 "
TOA PAYOH,2015,"$320,000 ","$552,500 ",*
WOODLANDS,2015,"$275,000 ","$360,000 ","$425,000 "
YISHUN,2015,"$292,000 ","$360,000 ","$460,000 "
ANG MO KIO,2014,"$335,000 ","$451,000 ",*
BEDOK,2014,"$315,000 ","$425,000 ","$573,000 "
BISHAN,2014,*,"$525,000 ","$717,500 "
BUKIT BATOK,2014,"$294,500 ","$418,000 ",*
BUKIT MERAH,2014,"$375,000 ","$610,000 ","$775,000 "
BUKIT PANJANG,2014,*,"$368,000 ","$482,500 "
BUKIT TIMAH,2014,*,*,*
CENTRAL,2014,*,*,*
CHOA CHU KANG,2014,*,"$377,000 ","$437,500 "
CLEMENTI,2014,"$340,000 ","$497,500 ",*
GEYLANG,2014,"$301,000 ","$425,000 ",*
HOUGANG,2014,"$310,000 ","$400,000 ","$512,500 "
JURONG EAST,2014,"$310,000 ","$430,000 ","$507,500 "
JURONG WEST,2014,"$295,000 ","$391,000 ","$460,000 "
KALLANG/WHAMPOA,2014,"$333,800 ","$515,000 ",*
MARINE PARADE,2014,"$410,400 ",*,*
PASIR RIS,2014,*,"$418,000 ","$490,000 "
PUNGGOL,2014,-,"$420,000 ","$460,900 "
QUEENSTOWN,2014,"$389,000 ","$667,500 ",*
SEMBAWANG,2014,-,"$380,000 ","$429,000 "
SENGKANG,2014,*,"$423,000 ","$462,300 "
SERANGOON,2014,"$335,000 ","$455,000 ",*
TAMPINES,2014,"$340,000 ","$435,000 ","$530,000 "
TOA PAYOH,2014,"$328,000 ","$583,500 ",*
WOODLANDS,2014,"$285,000 ","$375,000 ","$430,000 "
YISHUN,2014,"$296,000 ","$357,000 ","$455,000 "
ANG MO KIO,2014,"$338,000 ","$465,000 ",*
BEDOK,2014,"$320,000 ","$425,000 ","$614,000 "
BISHAN,2014,*,"$525,000 ",*
BUKIT BATOK,2014,"$301,500 ","$420,000 ",*
BUKIT MERAH,2014,"$378,000 ","$660,000 ","$786,500 "
BUKIT PANJANG,2014,"$312,500 ","$388,000 ","$461,500 "
BUKIT TIMAH,2014,*,-,*
CENTRAL,2014,"$432,500 ",*,*
CHOA CHU KANG,2014,*,"$380,000 ","$468,000 "
CLEMENTI,2014,"$365,000 ","$520,000 ",*
GEYLANG,2014,"$300,000 ",*,*
HOUGANG,2014,"$318,000 ","$415,000 ","$513,500 "
JURONG EAST,2014,"$320,000 ","$390,000 ",*
JURONG WEST,2014,"$305,000 ","$390,000 ","$470,000 "
KALLANG/WHAMPOA,2014,"$350,000 ","$570,000 ","$670,000 "
MARINE PARADE,2014,*,*,*
PASIR RIS,2014,*,"$422,300 ","$501,500 "
PUNGGOL,2014,-,"$433,000 ","$476,500 "
QUEENSTOWN,2014,"$368,000 ","$705,000 ",*
SEMBAWANG,2014,-,"$396,500 ","$448,000 "
SENGKANG,2014,*,"$448,000 ","$479,500 "
SERANGOON,2014,"$360,000 ","$475,000 ",*
TAMPINES,2014,"$347,500 ","$445,000 ","$532,000 "
TOA PAYOH,2014,"$340,000 ","$540,000 ",*
WOODLANDS,2014,"$283,000 ","$380,000 ","$436,300 "
YISHUN,2014,"$305,000 ","$368,000 ","$475,000 "
ANG MO KIO,2014,"$355,000 ","$478,000 ","$635,000 "
BEDOK,2014,"$335,000 ","$435,000 ","$575,000 "
BISHAN,2014,*,"$516,500 ",*
BUKIT BATOK,2014,"$320,000 ","$418,000 ","$585,000 "
BUKIT MERAH,2014,"$390,000 ","$645,000 ","$780,000 "
BUKIT PANJANG,2014,*,"$400,000 ","$478,400 "
BUKIT TIMAH,2014,*,*,*
CENTRAL,2014,*,*,-
CHOA CHU KANG,2014,*,"$395,000 ","$488,000 "
CLEMENTI,2014,"$373,000 ","$516,500 ",*
GEYLANG,2014,"$311,500 ","$507,900 ",*
HOUGANG,2014,"$325,000 ","$431,500 ","$521,400 "
JURONG EAST,2014,"$323,000 ",*,"$604,000 "
JURONG WEST,2014,"$313,000 ","$400,000 ","$480,000 "
KALLANG/WHAMPOA,2014,"$343,000 ","$530,000 ",*
MARINE PARADE,2014,"$400,000 ",*,*
PASIR RIS,2014,-,"$428,000 ","$504,000 "
PUNGGOL,2014,-,"$462,500 ","$506,800 "
QUEENSTOWN,2014,"$357,000 ","$700,000 ",*
SEMBAWANG,2014,-,"$400,000 ","$465,000 "
SENGKANG,2014,*,"$440,000 ","$495,500 "
SERANGOON,2014,"$356,800 ","$455,000 ",*
TAMPINES,2014,"$355,000 ","$456,500 ","$555,000 "
TOA PAYOH,2014,"$330,000 ","$590,000 ",*
WOODLANDS,2014,"$314,500 ","$384,500 ","$450,000 "
YISHUN,2014,"$311,000 ","$380,000 ","$475,000 "
ANG MO KIO,2014,"$345,000 ","$482,000 ",*
BEDOK,2014,"$332,000 ","$446,000 ","$559,000 "
BISHAN,2014,*,"$509,000 ",*
BUKIT BATOK,2014,"$320,000 ","$425,300 ",*
BUKIT MERAH,2014,"$393,000 ","$650,900 ","$759,000 "
BUKIT PANJANG,2014,*,"$409,000 ","$470,000 "
BUKIT TIMAH,2014,*,-,*
CENTRAL,2014,*,*,-
CHOA CHU KANG,2014,*,"$411,000 ","$490,500 "
CLEMENTI,2014,"$350,000 ","$517,500 ",*
GEYLANG,2014,"$301,900 ","$520,000 ",*
HOUGANG,2014,"$348,500 ","$440,000 ","$550,000 "
JURONG EAST,2014,"$331,000 ","$439,000 ",*
JURONG WEST,2014,"$318,900 ","$412,300 ","$490,000 "
KALLANG/WHAMPOA,2014,"$345,000 ","$530,000 ",*
MARINE PARADE,2014,*,*,*
PASIR RIS,2014,*,"$440,500 ","$510,000 "
PUNGGOL,2014,-,"$475,500 ","$515,000 "
QUEENSTOWN,2014,"$369,000 ","$690,000 ",*
SEMBAWANG,2014,-,"$410,000 ","$473,000 "
SENGKANG,2014,*,"$450,000 ","$498,000 "
SERANGOON,2014,"$355,500 ","$475,000 ",*
TAMPINES,2014,"$365,000 ","$457,400 ","$550,000 "
TOA PAYOH,2014,"$340,000 ","$536,500 ",*
WOODLANDS,2014,"$300,000 ","$390,000 ","$460,000 "
YISHUN,2014,"$318,000 ","$386,500 ",*
ANG MO KIO,2013,"$356,000 ","$485,000 ",*
BEDOK,2013,"$343,500 ","$450,000 ","$600,000 "
BISHAN,2013,*,"$545,000 ",*
BUKIT BATOK,2013,"$326,000 ","$437,000 ","$588,000 "
BUKIT MERAH,2013,"$398,000 ","$652,000 ","$782,000 "
BUKIT PANJANG,2013,*,"$421,000 ","$485,000 "
BUKIT TIMAH,2013,*,*,*
CENTRAL,2013,*,*,*
CHOA CHU KANG,2013,*,"$420,900 ","$482,500 "
CLEMENTI,2013,"$356,000 ","$519,400 ",*
GEYLANG,2013,"$315,000 ","$496,000 ",*
HOUGANG,2013,"$343,000 ","$445,000 ","$536,000 "
JURONG EAST,2013,"$337,000 ","$438,000 ",*
JURONG WEST,2013,"$328,000 ","$415,000 ","$492,000 "
KALLANG/WHAMPOA,2013,"$359,500 ","$565,000 ",*
MARINE PARADE,2013,*,*,*
PASIR RIS,2013,*,"$445,000 ","$526,500 "
PUNGGOL,2013,-,"$480,000 ","$535,000 "
QUEENSTOWN,2013,"$408,000 ","$710,900 ",*
SEMBAWANG,2013,-,"$432,000 ","$492,000 "
SENGKANG,2013,*,"$480,000 ","$523,000 "
SERANGOON,2013,"$367,000 ","$488,000 ",*
TAMPINES,2013,"$364,000 ","$468,000 ","$543,000 "
TOA PAYOH,2013,"$343,000 ","$541,500 ",*
WOODLANDS,2013,"$317,500 ","$402,500 ","$460,000 "
YISHUN,2013,"$322,000 ","$398,000 ","$505,000 "
ANG MO KIO,2013,"$362,300 ","$492,000 ",*
BEDOK,2013,"$346,000 ","$447,000 ","$625,000 "
BISHAN,2013,*,"$551,500 ",*
BUKIT BATOK,2013,"$337,800 ","$445,000 ",*
BUKIT MERAH,2013,"$408,900 ","$671,500 ","$820,000 "
BUKIT PANJANG,2013,*,"$428,000 ","$522,000 "
BUKIT TIMAH,2013,*,*,-
CENTRAL,2013,*,*,*
CHOA CHU KANG,2013,*,"$430,000 ","$496,000 "
CLEMENTI,2013,"$361,500 ","$546,500 ",*
GEYLANG,2013,"$321,000 ","$477,300 ",*
HOUGANG,2013,"$355,000 ","$446,500 ","$549,000 "
JURONG EAST,2013,"$345,800 ","$435,000 ","$580,000 "
JURONG WEST,2013,"$333,000 ","$430,000 ","$522,900 "
KALLANG/WHAMPOA,2013,"$359,500 ","$539,000 ",*
MARINE PARADE,2013,*,*,*
PASIR RIS,2013,-,"$455,000 ","$523,500 "
PUNGGOL,2013,-,"$482,500 ","$542,500 "
QUEENSTOWN,2013,"$391,800 ","$693,800 ",*
SEMBAWANG,2013,-,"$426,000 ","$490,000 "
SENGKANG,2013,*,"$486,500 ","$532,000 "
SERANGOON,2013,"$372,500 ","$500,000 ",*
TAMPINES,2013,"$376,000 ","$473,000 ","$548,000 "
TOA PAYOH,2013,"$359,000 ","$603,000 ","$712,500 "
WOODLANDS,2013,"$320,000 ","$415,000 ","$473,000 "
YISHUN,2013,"$337,000 ","$404,000 ","$515,000 "
ANG MO KIO,2013,"$368,000 ","$488,000 ","$667,500 "
BEDOK,2013,"$355,000 ","$459,000 ","$620,000 "
BISHAN,2013,*,"$555,000 ","$740,000 "
BUKIT BATOK,2013,"$336,000 ","$443,000 ","$640,000 "
BUKIT MERAH,2013,"$412,000 ","$704,000 ","$775,000 "
BUKIT PANJANG,2013,"$348,500 ","$425,000 ","$545,500 "
BUKIT TIMAH,2013,*,*,*
CENTRAL,2013,*,*,-
CHOA CHU KANG,2013,*,"$440,000 ","$510,000 "
CLEMENTI,2013,"$390,000 ","$547,500 ",*
GEYLANG,2013,"$330,000 ","$512,500 ",*
HOUGANG,2013,"$350,500 ","$451,000 ","$555,000 "
JURONG EAST,2013,"$350,000 ","$455,000 ","$542,000 "
JURONG WEST,2013,"$320,000 ","$445,000 ","$515,000 "
KALLANG/WHAMPOA,2013,"$349,000 ","$547,500 ","$717,500 "
MARINE PARADE,2013,*,*,*
PASIR RIS,2013,*,"$466,500 ","$535,000 "
PUNGGOL,2013,-,"$506,000 ","$560,000 "
QUEENSTOWN,2013,"$380,000 ","$710,000 ",*
SEMBAWANG,2013,-,"$441,000 ","$498,500 "
SENGKANG,2013,*,"$501,500 ","$538,500 "
SERANGOON,2013,"$378,500 ","$470,000 ",*
TAMPINES,2013,"$376,500 ","$480,000 ","$558,000 "
TOA PAYOH,2013,"$359,500 ","$645,000 ","$750,000 "
WOODLANDS,2013,"$330,000 ","$422,500 ","$480,000 "
YISHUN,2013,"$341,000 ","$416,500 ","$515,000 "
ANG MO KIO,2013,"$366,000 ","$495,000 ","$649,000 "
BEDOK,2013,"$350,000 ","$455,000 ","$600,000 "
BISHAN,2013,*,"$532,500 ",*
BUKIT BATOK,2013,"$339,000 ","$448,000 ",*
BUKIT MERAH,2013,"$398,000 ","$675,000 ","$800,000 "
BUKIT PANJANG,2013,*,"$423,000 ","$520,000 "
BUKIT TIMAH,2013,*,*,*
CENTRAL,2013,*,*,-
CHOA CHU KANG,2013,*,"$436,900 ","$499,800 "
CLEMENTI,2013,"$378,500 ",*,*
GEYLANG,2013,"$326,500 ","$501,000 ",*
HOUGANG,2013,"$359,000 ","$446,000 ","$548,000 "
JURONG EAST,2013,"$343,000 ","$455,000 ","$592,900 "
JURONG WEST,2013,"$338,000 ","$432,000 ","$513,000 "
KALLANG/WHAMPOA,2013,"$377,500 ","$530,000 ",*
MARINE PARADE,2013,*,*,*
PASIR RIS,2013,*,"$459,000 ","$546,800 "
PUNGGOL,2013,-,"$518,000 ","$565,000 "
QUEENSTOWN,2013,"$365,000 ","$679,000 ",*
SEMBAWANG,2013,-,"$446,000 ","$500,000 "
SENGKANG,2013,*,"$486,000 ","$535,000 "
SERANGOON,2013,*,"$471,500 ",*
TAMPINES,2013,"$375,500 ","$481,200 ","$565,000 "
TOA PAYOH,2013,"$355,000 ","$592,000 ","$781,900 "
WOODLANDS,2013,"$332,000 ","$420,000 ","$480,000 "
YISHUN,2013,"$340,000 ","$411,000 ","$522,000 "
ANG MO KIO,2012,"$363,000 ","$489,000 ","$640,000 "
BEDOK,2012,"$348,000 ","$445,000 ","$613,000 "
BISHAN,2012,*,"$527,500 ","$687,000 "
BUKIT BATOK,2012,"$329,000 ","$448,500 ","$618,000 "
BUKIT MERAH,2012,"$388,000 ","$660,000 ","$765,000 "
BUKIT PANJANG,2012,"$347,000 ","$418,000 ","$490,000 "
BUKIT TIMAH,2012,*,*,*
CENTRAL,2012,*,*,*
CHOA CHU KANG,2012,*,"$432,400 ","$495,000 "
CLEMENTI,2012,"$375,000 ","$550,000 ",*
GEYLANG,2012,"$328,000 ","$485,000 ",*
HOUGANG,2012,"$350,000 ","$454,000 ","$538,000 "
JURONG EAST,2012,"$341,000 ","$453,000 ","$550,000 "
JURONG WEST,2012,"$331,000 ","$430,000 ","$510,500 "
KALLANG/WHAMPOA,2012,"$369,500 ","$561,500 ","$676,500 "
MARINE PARADE,2012,*,*,*
PASIR RIS,2012,*,"$455,000 ","$535,000 "
PUNGGOL,2012,-,"$515,000 ","$560,000 "
QUEENSTOWN,2012,"$388,000 ","$710,000 ",*
SEMBAWANG,2012,-,"$438,000 ","$491,500 "
SENGKANG,2012,*,"$468,000 ","$525,500 "
SERANGOON,2012,"$365,000 ","$487,500 ",*
TAMPINES,2012,"$375,000 ","$475,000 ","$550,000 "
TOA PAYOH,2012,"$366,000 ","$556,400 ","$698,000 "
WOODLANDS,2012,"$316,500 ","$415,000 ","$470,000 "
YISHUN,2012,"$335,000 ","$414,000 ","$510,000 "
ANG MO KIO,2012,"$357,000 ","$473,000 ","$652,500 "
BEDOK,2012,"$342,000 ","$437,500 ","$585,000 "
BISHAN,2012,*,"$511,000 ","$687,000 "
BUKIT BATOK,2012,"$327,500 ","$430,000 ","$586,900 "
BUKIT MERAH,2012,"$392,500 ","$617,000 ","$754,000 "
BUKIT PANJANG,2012,"$345,000 ","$413,000 ","$500,000 "
BUKIT TIMAH,2012,*,*,*
CENTRAL,2012,"$442,500 ",*,*
CHOA CHU KANG,2012,*,"$425,000 ","$486,000 "
CLEMENTI,2012,"$388,000 ","$489,000 ",*
GEYLANG,2012,"$314,000 ","$466,000 ",*
HOUGANG,2012,"$340,500 ","$435,000 ","$523,000 "
JURONG EAST,2012,"$343,000 ","$437,500 ",*
JURONG WEST,2012,"$324,000 ","$423,000 ","$497,500 "
KALLANG/WHAMPOA,2012,"$347,000 ","$525,000 ","$657,500 "
MARINE PARADE,2012,"$410,000 ",*,*
PASIR RIS,2012,*,"$445,000 ","$530,000 "
PUNGGOL,2012,-,"$482,000 ","$550,000 "
QUEENSTOWN,2012,"$388,000 ","$690,000 ",*
SEMBAWANG,2012,-,"$425,000 ","$480,000 "
SENGKANG,2012,*,"$466,500 ","$518,000 "
SERANGOON,2012,"$345,000 ","$480,000 ","$552,000 "
TAMPINES,2012,"$375,000 ","$462,500 ","$536,000 "
TOA PAYOH,2012,"$353,000 ","$541,500 ","$682,500 "
WOODLANDS,2012,"$311,500 ","$405,000 ","$461,000 "
YISHUN,2012,"$325,000 ","$400,000 ","$498,000 "
ANG MO KIO,2012,"$346,000 ","$460,000 ","$620,000 "
BEDOK,2012,"$335,500 ","$432,000 ","$576,500 "
BISHAN,2012,"$335,000 ","$509,000 ","$658,500 "
BUKIT BATOK,2012,"$323,000 ","$428,000 ","$591,900 "
BUKIT MERAH,2012,"$384,500 ","$595,000 ","$750,500 "
BUKIT PANJANG,2012,"$338,000 ","$410,000 ","$481,800 "
BUKIT TIMAH,2012,*,*,*
CENTRAL,2012,"$440,000 ",*,*
CHOA CHU KANG,2012,*,"$420,000 ","$481,500 "
CLEMENTI,2012,"$376,500 ","$500,000 ",*
GEYLANG,2012,"$308,000 ","$457,000 ","$682,500 "
HOUGANG,2012,"$335,000 ","$428,000 ","$515,000 "
JURONG EAST,2012,"$337,000 ","$430,000 ","$517,500 "
JURONG WEST,2012,"$308,500 ","$414,000 ","$491,000 "
KALLANG/WHAMPOA,2012,"$355,000 ","$502,000 ","$668,400 "
MARINE PARADE,2012,"$399,000 ",*,*
PASIR RIS,2012,*,"$439,400 ","$510,000 "
PUNGGOL,2012,-,"$475,500 ","$533,000 "
QUEENSTOWN,2012,"$375,500 ","$638,000 ",*
SEMBAWANG,2012,-,"$419,000 ","$468,000 "
SENGKANG,2012,-,"$447,000 ","$513,900 "
SERANGOON,2012,"$335,500 ","$488,000 ",*
TAMPINES,2012,"$367,000 ","$453,000 ","$530,000 "
TOA PAYOH,2012,"$350,000 ","$534,000 ","$684,000 "
WOODLANDS,2012,"$310,000 ","$395,000 ","$455,000 "
YISHUN,2012,"$321,500 ","$386,000 ","$492,000 "
ANG MO KIO,2012,"$350,000 ","$455,000 ","$621,500 "
BEDOK,2012,"$330,000 ","$422,400 ","$560,000 "
BISHAN,2012,*,"$520,500 ","$678,500 "
BUKIT BATOK,2012,"$320,000 ","$416,500 ","$520,000 "
BUKIT MERAH,2012,"$373,500 ","$590,000 ","$729,000 "
BUKIT PANJANG,2012,*,"$408,000 ","$486,500 "
BUKIT TIMAH,2012,-,*,*
CENTRAL,2012,"$460,000 ",*,*
CHOA CHU KANG,2012,*,"$410,000 ","$485,000 "
CLEMENTI,2012,"$375,000 ","$495,000 ",*
GEYLANG,2012,"$310,000 ","$462,000 ",*
HOUGANG,2012,"$335,000 ","$425,000 ","$514,000 "
JURONG EAST,2012,"$330,000 ","$420,000 ","$528,000 "
JURONG WEST,2012,"$312,000 ","$412,000 ","$478,000 "
KALLANG/WHAMPOA,2012,"$330,000 ","$513,000 ",*
MARINE PARADE,2012,*,*,*
PASIR RIS,2012,*,"$432,000 ","$507,000 "
PUNGGOL,2012,-,"$474,000 ","$523,500 "
QUEENSTOWN,2012,"$365,000 ","$655,000 ",*
SEMBAWANG,2012,-,"$421,500 ","$466,000 "
SENGKANG,2012,*,"$450,000 ","$512,600 "
SERANGOON,2012,"$350,000 ","$466,000 ",*
TAMPINES,2012,"$362,000 ","$448,000 ","$523,000 "
TOA PAYOH,2012,"$338,000 ","$565,000 ","$721,500 "
WOODLANDS,2012,"$305,000 ","$392,000 ","$445,000 "
YISHUN,2012,"$319,000 ","$384,000 ","$487,100 "
ANG MO KIO,2011,"$341,500 ","$468,000 ","$606,400 "
BEDOK,2011,"$331,500 ","$430,000 ","$545,000 "
BISHAN,2011,*,"$500,000 ","$650,000 "
BUKIT BATOK,2011,"$320,000 ","$427,000 ","$546,000 "
BUKIT MERAH,2011,"$376,500 ","$578,500 ","$712,000 "
BUKIT PANJANG,2011,*,"$404,900 ","$482,900 "
BUKIT TIMAH,2011,*,*,*
CENTRAL,2011,"$426,500 ",*,*
CHOA CHU KANG,2011,*,"$409,500 ","$465,000 "
CLEMENTI,2011,"$361,300 ","$506,000 ",*
GEYLANG,2011,"$313,000 ","$495,000 ",*
HOUGANG,2011,"$331,500 ","$423,000 ","$517,500 "
JURONG EAST,2011,"$325,000 ","$415,500 ","$495,000 "
JURONG WEST,2011,"$300,000 ","$400,500 ","$475,000 "
KALLANG/WHAMPOA,2011,"$345,000 ","$515,500 ","$639,000 "
MARINE PARADE,2011,*,*,*
PASIR RIS,2011,-,"$439,000 ","$500,000 "
PUNGGOL,2011,-,"$475,000 ","$521,500 "
QUEENSTOWN,2011,"$370,000 ","$651,000 ",*
SEMBAWANG,2011,-,"$415,000 ","$465,000 "
SENGKANG,2011,-,"$450,000 ","$511,000 "
SERANGOON,2011,"$340,000 ","$467,500 ","$565,000 "
TAMPINES,2011,"$356,000 ","$450,000 ","$525,000 "
TOA PAYOH,2011,"$348,000 ","$481,500 ","$645,000 "
WOODLANDS,2011,"$302,500 ","$392,000 ","$446,500 "
YISHUN,2011,"$312,000 ","$382,000 ","$487,000 "
ANG MO KIO,2011,"$340,800 ","$445,500 ","$599,000 "
BEDOK,2011,"$325,500 ","$420,000 ","$530,000 "
BISHAN,2011,*,"$527,000 ","$647,300 "
BUKIT BATOK,2011,"$314,500 ","$421,000 ","$568,000 "
BUKIT MERAH,2011,"$374,000 ","$595,900 ","$715,000 "
BUKIT PANJANG,2011,"$320,000 ","$394,000 ","$475,000 "
BUKIT TIMAH,2011,*,*,*
CENTRAL,2011,*,*,*
CHOA CHU KANG,2011,*,"$406,500 ","$458,000 "
CLEMENTI,2011,"$365,000 ","$500,000 ",*
GEYLANG,2011,"$308,000 ","$461,500 ","$638,000 "
HOUGANG,2011,"$325,000 ","$420,000 ","$505,000 "
JURONG EAST,2011,"$321,000 ","$430,000 ","$506,500 "
JURONG WEST,2011,"$310,000 ","$404,500 ","$470,000 "
KALLANG/WHAMPOA,2011,"$330,000 ","$480,000 ","$630,000 "
MARINE PARADE,2011,"$413,500 ",*,*
PASIR RIS,2011,*,"$427,000 ","$487,500 "
PUNGGOL,2011,-,"$460,400 ","$518,000 "
QUEENSTOWN,2011,"$352,500 ",*,*
SEMBAWANG,2011,-,"$403,000 ","$453,500 "
SENGKANG,2011,-,"$450,000 ","$503,000 "
SERANGOON,2011,"$330,000 ","$439,000 ","$520,000 "
TAMPINES,2011,"$348,000 ","$445,000 ","$521,500 "
TOA PAYOH,2011,"$338,000 ","$540,000 ","$666,000 "
WOODLANDS,2011,"$300,000 ","$382,500 ","$435,000 "
YISHUN,2011,"$307,000 ","$377,000 ","$460,000 "
ANG MO KIO,2011,"$330,000 ","$423,000 ","$610,000 "
BEDOK,2011,"$311,500 ","$401,000 ","$550,000 "
BISHAN,2011,*,"$493,000 ","$630,000 "
BUKIT BATOK,2011,"$300,000 ","$401,000 ","$566,500 "
BUKIT MERAH,2011,"$350,000 ","$589,000 ","$696,000 "
BUKIT PANJANG,2011,"$300,000 ","$381,000 ","$449,500 "
BUKIT TIMAH,2011,*,*,*
CENTRAL,2011,"$411,000 ",*,*
CHOA CHU KANG,2011,*,"$388,000 ","$440,500 "
CLEMENTI,2011,"$350,000 ","$475,000 ",*
GEYLANG,2011,"$295,000 ","$471,000 ","$651,500 "
HOUGANG,2011,"$311,000 ","$398,000 ","$480,000 "
JURONG EAST,2011,"$311,500 ","$404,000 ","$500,900 "
JURONG WEST,2011,"$286,000 ","$390,000 ","$454,000 "
KALLANG/WHAMPOA,2011,"$336,500 ","$480,250 ","$605,000 "
MARINE PARADE,2011,*,*,*
PASIR RIS,2011,*,"$415,000 ","$485,000 "
PUNGGOL,2011,-,"$445,000 ","$505,000 "
QUEENSTOWN,2011,"$336,000 ","$644,000 ",*
SEMBAWANG,2011,-,"$395,000 ","$440,000 "
SENGKANG,2011,-,"$425,500 ","$485,000 "
SERANGOON,2011,"$324,500 ","$410,000 ","$507,000 "
TAMPINES,2011,"$340,000 ","$433,000 ","$498,000 "
TOA PAYOH,2011,"$323,800 ","$509,000 ","$662,000 "
WOODLANDS,2011,"$285,000 ","$368,000 ","$420,000 "
YISHUN,2011,"$297,500 ","$358,000 ","$453,000 "
ANG MO KIO,2011,"$318,000 ","$418,000 ","$590,800 "
BEDOK,2011,"$300,000 ","$397,000 ","$512,000 "
BISHAN,2011,*,"$463,000 ","$615,000 "
BUKIT BATOK,2011,"$293,000 ","$382,000 ","$548,400 "
BUKIT MERAH,2011,"$343,500 ","$555,000 ","$690,000 "
BUKIT PANJANG,2011,"$298,000 ","$369,000 ","$425,000 "
BUKIT TIMAH,2011,*,*,*
CENTRAL,2011,*,*,*
CHOA CHU KANG,2011,*,"$373,500 ","$437,300 "
CLEMENTI,2011,"$341,000 ","$495,000 ",*
GEYLANG,2011,"$285,000 ","$458,000 ",*
HOUGANG,2011,"$305,000 ","$388,000 ","$465,000 "
JURONG EAST,2011,"$305,000 ","$378,000 ","$475,000 "
JURONG WEST,2011,"$271,500 ","$377,000 ","$451,500 "
KALLANG/WHAMPOA,2011,"$317,000 ","$465,000 ",*
MARINE PARADE,2011,*,*,*
PASIR RIS,2011,*,"$400,000 ","$468,000 "
PUNGGOL,2011,-,"$426,400 ","$494,000 "
QUEENSTOWN,2011,"$330,000 ","$573,000 ",*
SEMBAWANG,2011,-,"$390,000 ","$423,900 "
SENGKANG,2011,-,"$411,500 ","$467,000 "
SERANGOON,2011,"$317,000 ","$399,500 ",*
TAMPINES,2011,"$326,000 ","$412,000 ","$472,300 "
TOA PAYOH,2011,"$315,000 ","$456,500 ","$630,000 "
WOODLANDS,2011,"$275,000 ","$356,000 ","$409,000 "
YISHUN,2011,"$285,000 ","$342,000 ","$440,000 "
ANG MO KIO,2010,"$310,000 ","$418,000 ","$580,000 "
BEDOK,2010,"$300,000 ","$384,000 ","$504,000 "
BISHAN,2010,*,"$460,000 ","$593,000 "
BUKIT BATOK,2010,"$290,000 ","$385,000 ","$539,000 "
BUKIT MERAH,2010,"$345,000 ","$558,000 ","$662,000 "
BUKIT PANJANG,2010,"$287,400 ","$351,500 ","$457,000 "
BUKIT TIMAH,2010,*,*,*
CENTRAL,2010,"$386,000 ",*,*
CHOA CHU KANG,2010,*,"$369,000 ","$425,000 "
CLEMENTI,2010,"$340,400 ","$462,500 ",*
GEYLANG,2010,"$276,000 ","$450,000 ",*
HOUGANG,2010,"$292,000 ","$384,000 ","$459,000 "
JURONG EAST,2010,"$293,000 ","$372,000 ","$456,500 "
JURONG WEST,2010,"$276,000 ","$370,000 ","$445,500 "
KALLANG/WHAMPOA,2010,"$314,000 ","$465,000 ","$584,000 "
MARINE PARADE,2010,"$393,000 ",*,*
PASIR RIS,2010,*,"$395,000 ","$448,000 "
PUNGGOL,2010,-,"$405,000 ","$480,000 "
QUEENSTOWN,2010,"$331,500 ","$617,000 ",*
SEMBAWANG,2010,-,"$380,000 ","$425,000 "
SENGKANG,2010,-,"$410,000 ","$465,000 "
SERANGOON,2010,"$308,000 ","$404,400 ","$489,000 "
TAMPINES,2010,"$316,000 ","$400,000 ","$474,000 "
TOA PAYOH,2010,"$318,000 ","$475,000 ","$586,000 "
WOODLANDS,2010,"$264,500 ","$348,000 ","$404,500 "
YISHUN,2010,"$280,000 ","$337,000 ","$426,000 "
ANG MO KIO,2010,"$305,000 ","$408,000 ","$589,000 "
BEDOK,2010,"$292,000 ","$372,500 ","$500,000 "
BISHAN,2010,"$362,000 ","$470,000 ","$572,000 "
BUKIT BATOK,2010,"$280,000 ","$380,000 ","$532,000 "
BUKIT MERAH,2010,"$338,000 ","$542,000 ","$673,000 "
BUKIT PANJANG,2010,"$285,000 ","$346,000 ","$415,000 "
BUKIT TIMAH,2010,*,*,*
CENTRAL,2010,"$365,000 ",*,*
CHOA CHU KANG,2010,*,"$363,500 ","$420,000 "
CLEMENTI,2010,"$330,000 ","$461,500 ","$566,500 "
GEYLANG,2010,"$278,000 ","$394,800 ","$552,500 "
HOUGANG,2010,"$288,000 ","$368,000 ","$450,000 "
JURONG EAST,2010,"$288,000 ","$386,900 ","$488,500 "
JURONG WEST,2010,"$270,000 ","$361,000 ","$439,500 "
KALLANG/WHAMPOA,2010,"$300,000 ","$472,500 ","$581,000 "
MARINE PARADE,2010,"$379,000 ",*,*
PASIR RIS,2010,-,"$388,500 ","$441,000 "
PUNGGOL,2010,-,"$414,000 ","$465,000 "
QUEENSTOWN,2010,"$320,000 ","$584,000 ","$720,000 "
SEMBAWANG,2010,-,"$380,000 ","$423,000 "
SENGKANG,2010,-,"$389,500 ","$453,000 "
SERANGOON,2010,"$292,000 ","$393,300 ","$464,500 "
TAMPINES,2010,"$313,000 ","$395,000 ","$461,500 "
TOA PAYOH,2010,"$310,000 ","$390,000 ","$576,500 "
WOODLANDS,2010,"$260,000 ","$342,900 ","$398,000 "
YISHUN,2010,"$280,000 ","$330,000 ","$415,000 "
ANG MO KIO,2010,"$290,000 ","$389,500 ","$550,000 "
BEDOK,2010,"$280,000 ","$367,000 ","$490,000 "
BISHAN,2010,"$338,000 ","$452,500 ","$590,000 "
BUKIT BATOK,2010,"$271,700 ","$366,000 ","$520,000 "
BUKIT MERAH,2010,"$320,000 ","$500,000 ","$661,500 "
BUKIT PANJANG,2010,"$275,000 ","$340,000 ","$406,500 "
BUKIT TIMAH,2010,*,*,*
CENTRAL,2010,"$372,500 ",*,*
CHOA CHU KANG,2010,*,"$348,000 ","$410,000 "
CLEMENTI,2010,"$315,000 ","$435,000 ","$557,500 "
GEYLANG,2010,"$261,000 ","$398,000 ","$546,000 "
HOUGANG,2010,"$273,000 ","$361,500 ","$438,000 "
JURONG EAST,2010,"$277,000 ","$348,000 ","$472,500 "
JURONG WEST,2010,"$255,000 ","$350,000 ","$415,000 "
KALLANG/WHAMPOA,2010,"$295,000 ","$430,000 ","$565,000 "
MARINE PARADE,2010,"$370,000 ",*,*
PASIR RIS,2010,*,"$376,300 ","$419,500 "
PUNGGOL,2010,-,"$388,000 ","$448,400 "
QUEENSTOWN,2010,"$320,000 ","$550,000 ","$675,000 "
SEMBAWANG,2010,-,"$360,000 ","$407,500 "
SENGKANG,2010,-,"$388,000 ","$437,000 "
SERANGOON,2010,"$286,000 ","$380,000 ","$447,000 "
TAMPINES,2010,"$302,800 ","$387,000 ","$445,000 "
TOA PAYOH,2010,"$300,000 ","$450,000 ","$583,000 "
WOODLANDS,2010,"$250,000 ","$331,500 ","$389,500 "
YISHUN,2010,"$265,000 ","$315,000 ","$405,900 "
ANG MO KIO,2010,"$278,000 ","$384,500 ","$503,000 "
BEDOK,2010,"$265,000 ","$350,000 ","$480,000 "
BISHAN,2010,"$322,000 ","$433,500 ","$550,000 "
BUKIT BATOK,2010,"$265,000 ","$372,000 ","$485,000 "
BUKIT MERAH,2010,"$309,500 ","$493,000 ","$635,000 "
BUKIT PANJANG,2010,"$260,000 ","$320,000 ","$393,000 "
BUKIT TIMAH,2010,*,*,*
CENTRAL,2010,"$354,000 ","$456,000 ",*
CHOA CHU KANG,2010,*,"$336,000 ","$399,000 "
CLEMENTI,2010,"$288,500 ","$429,000 ",*
GEYLANG,2010,"$252,500 ","$397,500 ","$498,500 "
HOUGANG,2010,"$260,000 ","$345,000 ","$427,000 "
JURONG EAST,2010,"$268,000 ","$342,000 ","$460,000 "
JURONG WEST,2010,"$243,500 ","$336,000 ","$413,000 "
KALLANG/WHAMPOA,2010,"$275,000 ","$438,800 ","$560,500 "
MARINE PARADE,2010,"$354,500 ",*,*
PASIR RIS,2010,*,"$360,000 ","$410,000 "
PUNGGOL,2010,-,"$369,000 ","$430,000 "
QUEENSTOWN,2010,"$295,000 ","$505,000 ","$658,500 "
SEMBAWANG,2010,-,"$349,000 ","$400,000 "
SENGKANG,2010,-,"$369,000 ","$420,000 "
SERANGOON,2010,"$277,500 ","$357,500 ",*
TAMPINES,2010,"$293,000 ","$370,500 ","$430,000 "
TOA PAYOH,2010,"$286,000 ","$418,000 ","$550,000 "
WOODLANDS,2010,"$233,500 ","$320,000 ","$372,000 "
YISHUN,2010,"$248,000 ","$296,000 ","$388,500 "
